Row,Listing title,Property Manager/Host,Property name,Phone,Phone source,Phone confidence,Phone evidence,Phone belongs to,Contact,Website,Email,Social media link,Social media type
2,8 Bedroom | Game Room | Gym | Spa | Heated Pool,Resort Style Vacation Homes,,+16232270127,https://www.resortstyle.com/contact-us; https://www.resortstyle.com/,Medium,Duplicate host group search found Resort Style Vacation Homes' official contact page with a visible phone; reused across same host rows.,manager,Resort Style Vacation Homes,https://www.resortstyle.com/,info@resortstylevacationhomes.com,,
3,"Epic 7BR Escape w/ Pickleball, Pool, Spa & Unmatched Mountain Views",Revana Realty,,+18884751465,https://revanarealty.com/property-management/,Medium,Duplicate host group search found Revana Realty's property management page with a visible phone; reused across same host rows.,manager,Revana Realty,https://revanarealty.com/,Contact@RevanaRealty.com,,
4,Luxury 5BD Modern Scottsdale Villa,Absolute Vacation Rental Services,,+18332417652,https://www.absolutevacationrentals.com/contact-us/,Medium,Host search found Absolute Vacation Rental Services' official contact page with a visible phone.,manager,Absolute Vacation Rental Services,https://www.absolutevacationrentals.com/,,,
5,Luxurious Tuscan Villa by Troon North Golf Courses,Desert Vista Luxury Homes,,+14802005093,https://www.dvluxury.com/,Medium,Duplicate host group search found Desert Vista Luxury Homes' official site with a visible phone; reused across same host rows.,manager,Desert Vista Luxury Homes,https://www.dvluxury.com/,info@dvluxury.com,,
6,Private Pool Oasis with Hot Tub & Golf Simulator,Best Arizona Vacation Rentals,,+14806208307,https://book.bestazrentals.com/; https://bestazrentals.com/,Medium,Host search found Best Arizona Vacation Rentals' direct booking source with a visible phone.,manager,Best Arizona Vacation Rentals,https://bestazrentals.com/,,,
7,"Paradise Palms | 8BR Estate, Pool & Spa",AZHolidayRental,,+18005303660,https://www.holidayrental.com/contact/,Medium,"Duplicate host group search tied AZHolidayRental listings to HolidayRental.com, whose official contact page lists this phone.",manager,HolidayRental.com,https://www.holidayrental.com/,,,
8,Valley Vista Mansion by Parsons Villas,Parsons Villas,,+14807810717,https://parsonsvillas.com/contact-us/,Medium,Duplicate host group search found Parsons Villas' official contact page with a visible phone; reused across same host rows.,manager,Parsons Villas,https://parsonsvillas.com/,,,
9,5 Acre Estate | Pickleball | Mountain Views | Spa,AZHolidayRental,,+18005303660,https://www.holidayrental.com/contact/,Medium,"Duplicate host group search tied AZHolidayRental listings to HolidayRental.com, whose official contact page lists this phone.",manager,HolidayRental.com,https://www.holidayrental.com/,,,
10,"Paradise Valley Resort Villa | Pool, Spa & Casita",AZHolidayRental,,+18005303660,https://www.holidayrental.com/contact/,Medium,"Duplicate host group search tied AZHolidayRental listings to HolidayRental.com, whose official contact page lists this phone.",manager,HolidayRental.com,https://www.holidayrental.com/,,,
11,SWSS Pool • Hot Tub • Putting Green • Games,StayWithStyleScottsdale,,+14808186559,https://www.staywithstylescottsdale.com/contact-us/,Medium,Duplicate host group search found the official Stay With Style Scottsdale contact page with a visible phone; reused across same host rows.,manager,Stay With Style Scottsdale,https://www.staywithstylescottsdale.com/,office@staywithstylescottsdale.com,,
12,SWSS Pool • Sport Court • Games • Sleeps 24,StayWithStyleScottsdale,,+14808186559,https://www.staywithstylescottsdale.com/contact-us/,Medium,Duplicate host group search found the official Stay With Style Scottsdale contact page with a visible phone; reused across same host rows.,manager,Stay With Style Scottsdale,https://www.staywithstylescottsdale.com/,office@staywithstylescottsdale.com,,
13,SWSS Pool • Hot Tub • Putting Green • Sleeps 24,StayWithStyleScottsdale,,+14808186559,https://www.staywithstylescottsdale.com/contact-us/,Medium,Duplicate host group search found the official Stay With Style Scottsdale contact page with a visible phone; reused across same host rows.,manager,Stay With Style Scottsdale,https://www.staywithstylescottsdale.com/,office@staywithstylescottsdale.com,,
14,Entertainer's Paradise | Pool & Splash Pad,AZHolidayRental,,+18005303660,https://www.holidayrental.com/contact/,Medium,"Duplicate host group search tied AZHolidayRental listings to HolidayRental.com, whose official contact page lists this phone.",manager,HolidayRental.com,https://www.holidayrental.com/,,,
15,New Luxury 5 Star Celebrity Estate,Resort Style Vacation Homes,,+16232270127,https://www.resortstyle.com/contact-us; https://www.resortstyle.com/,Medium,Duplicate host group search found Resort Style Vacation Homes' official contact page with a visible phone; reused across same host rows.,manager,Resort Style Vacation Homes,https://www.resortstyle.com/,info@resortstylevacationhomes.com,,
16,Half Million Dollar Pool with Lazy River,Resort Style Vacation Homes,,+16232270127,https://www.resortstyle.com/contact-us; https://www.resortstyle.com/,Medium,Duplicate host group search found Resort Style Vacation Homes' official contact page with a visible phone; reused across same host rows.,manager,Resort Style Vacation Homes,https://www.resortstyle.com/,info@resortstylevacationhomes.com,,
17,Multi Million Dollar Entertainment Oasis,Resort Style Vacation Homes,,+16232270127,https://www.resortstyle.com/contact-us; https://www.resortstyle.com/,Medium,Duplicate host group search found Resort Style Vacation Homes' official contact page with a visible phone; reused across same host rows.,manager,Resort Style Vacation Homes,https://www.resortstyle.com/,info@resortstylevacationhomes.com,,
18,HÓZHÓ Residence on Cholla,217908712,,+14805040883,https://stayhozho.com/booking-information/,Medium,"Repeated numeric host group titles and property fingerprints matched HOZHO Scottsdale, and the official booking page lists this phone.",manager,HOZHO Scottsdale,https://stayhozho.com/,,,
19,#1 Best Family Friendly House *Kids & Adults* Wow,Resort Style Vacation Homes,,+16232270127,https://www.resortstyle.com/contact-us; https://www.resortstyle.com/,Medium,Duplicate host group search found Resort Style Vacation Homes' official contact page with a visible phone; reused across same host rows.,manager,Resort Style Vacation Homes,https://www.resortstyle.com/,info@resortstylevacationhomes.com,,
20,Million$Luxury Dream Villa+SportCourt+PuttPutt+Spa,List My Rental Home,,+12174932929,https://www.listmyrentalhome.com/contact,Medium,Duplicate host group search found the official List My Rental Home contact page with a visible phone; reused across same host rows.,manager,List My Rental Home,https://www.listmyrentalhome.com/,gm@listmyrentalhome.com,,
21,"Water Slide & Grotto Pool, Theater, Hot Tub",217908712,,+14805040883,https://stayhozho.com/booking-information/,Medium,"Repeated numeric host group titles and property fingerprints matched HOZHO Scottsdale, and the official booking page lists this phone.",manager,HOZHO Scottsdale,https://stayhozho.com/,,,
22,Mountain View Retreat | Theater and Guest House,LuxeKey,,+14803822072,https://www.crunchbase.com/organization/luxekey; https://luxekey.com/,Low,Host search found a third-party business profile phone for LuxeKey and the official LuxeKey site confirmed the matching company.,manager,LuxeKey Vacation Rentals,https://luxekey.com/,,,
23,Magnificent 10 Bedroom Scottsdale AZ Mansion,Resort Style Vacation Homes,,+16232270127,https://www.resortstyle.com/contact-us; https://www.resortstyle.com/,Medium,Duplicate host group search found Resort Style Vacation Homes' official contact page with a visible phone; reused across same host rows.,manager,Resort Style Vacation Homes,https://www.resortstyle.com/,info@resortstylevacationhomes.com,,
24,"Dream Estate with Pool, Hot Tub, lots of Games",I Love Vacations - Scottsdale,,,,,"No confirmed public phone found through title, host, listing ID, or property fingerprint search; phone left blank.",,,,,,
25,HÓZHÓ Residence on Larkspur,15015202,,+14805040883,https://stayhozho.com/booking-information/,Medium,"Repeated numeric host group titles and property fingerprints matched HOZHO Scottsdale, and the official booking page lists this phone.",manager,HOZHO Scottsdale,https://stayhozho.com/,,,
26,Relax & Play -Ultimate Retreat- Pickleball & more!,VacayAZ,,+14805901655,https://www.vacayaz.com/contact/,Medium,Duplicate host group search found the official VacayAZ contact page with a visible phone; reused across same host rows.,manager,VacayAZ,https://www.vacayaz.com/,bookings@vacayaz.com,,
27,"7BR Villa De Paradis: Pool, Slide & Ultimate Relax",15015202,,+14805040883,https://stayhozho.com/booking-information/,Medium,"Repeated numeric host group titles and property fingerprints matched HOZHO Scottsdale, and the official booking page lists this phone.",manager,HOZHO Scottsdale,https://stayhozho.com/,,,
28,HOZHO Residence on Cholla,15015202,,+14805040883,https://stayhozho.com/booking-information/,Medium,"Repeated numeric host group titles and property fingerprints matched HOZHO Scottsdale, and the official booking page lists this phone.",manager,HOZHO Scottsdale,https://stayhozho.com/,,,
29,HOZHO Residence on Cactus,15015202,,+14805040883,https://stayhozho.com/booking-information/,Medium,"Repeated numeric host group titles and property fingerprints matched HOZHO Scottsdale, and the official booking page lists this phone.",manager,HOZHO Scottsdale,https://stayhozho.com/,,,
30,Million$ParadiseResort w/Waterslide+Picklebal+Golf,List My Rental Home,,+12174932929,https://www.listmyrentalhome.com/contact,Medium,Duplicate host group search found the official List My Rental Home contact page with a visible phone; reused across same host rows.,manager,List My Rental Home,https://www.listmyrentalhome.com/,gm@listmyrentalhome.com,,
31,Scottsdale Luxury Villa | Resort Pool & Spa,AZHolidayRental,,+18005303660,https://www.holidayrental.com/contact/,Medium,"Duplicate host group search tied AZHolidayRental listings to HolidayRental.com, whose official contact page lists this phone.",manager,HolidayRental.com,https://www.holidayrental.com/,,,
32,"Entertainment Galore! Heated Pool, Spa, Game Room",HÁZ Vacation Rentals,,+14806258631,https://www.hazvacationrentals.com/contact-us/,Medium,Host search found HAZ Vacation Rentals' official contact page with a visible phone.,manager,HAZ Vacation Rentals,https://www.hazvacationrentals.com/,support@hazvacationrentals.com,,
33,Luxury Desert Oasis+Sport Court+Theater+Golf+ Spa,List My Rental Home,,+12174932929,https://www.listmyrentalhome.com/contact,Medium,Duplicate host group search found the official List My Rental Home contact page with a visible phone; reused across same host rows.,manager,List My Rental Home,https://www.listmyrentalhome.com/,gm@listmyrentalhome.com,,
34,Private Flagstaff Duplex w/ Spa & Fire Pit,REBL Rentals,,+16025500422,https://reblrentals.com/contact-us/; https://www.provenexpert.com/en-us/rebl-rentals/,Medium,Host search found REBL Rentals' public contact and business profile sources with a visible phone.,manager,REBL Rentals,https://reblrentals.com/,,,
35,The Juniper-Gathering Tree's Ultimate 12 suite D,6571387,,+19282754032,https://www.gatheringtree.com/availability,Medium,"Repeated numeric host group titles matched Gathering Tree properties, and the official Gathering Tree availability page lists this phone.",manager,Gathering Tree,https://www.gatheringtree.com/,nicole@gatheringtree.com,,
36,Paradise Castle+PickleballCrt+Putt+SpaRoom+GameRm,List My Rental Home,,+12174932929,https://www.listmyrentalhome.com/contact,Medium,Duplicate host group search found the official List My Rental Home contact page with a visible phone; reused across same host rows.,manager,List My Rental Home,https://www.listmyrentalhome.com/,gm@listmyrentalhome.com,,
37,Live the High Life - Lavish Scottsdale Home,VacayAZ,,+14805901655,https://www.vacayaz.com/contact/,Medium,Duplicate host group search found the official VacayAZ contact page with a visible phone; reused across same host rows.,manager,VacayAZ,https://www.vacayaz.com/,bookings@vacayaz.com,,
38,Scottsdalestays 9BDRM Multimillion Estate-Pool-Spa,238954779,,+14803184923,https://scottsdalestays.com/contact-us/,High,"Repeated numeric host group titles explicitly reference ScottsdaleStays, and the official contact page lists this phone.",manager,ScottsdaleStays,https://scottsdalestays.com/,,,
39,Million $ Desert Dream + Waterslide + Pickleball Court + Golf,List My Rental Home,,+12174932929,https://www.listmyrentalhome.com/contact,Medium,Duplicate host group search found the official List My Rental Home contact page with a visible phone; reused across same host rows.,manager,List My Rental Home,https://www.listmyrentalhome.com/,gm@listmyrentalhome.com,,
40,Luxe Desert Compound | Private Heated Pool,Heirloom,,+15045070523,https://stayheirloom.com/terms-of-service/,Medium,Duplicate host group search found Stay Heirloom's official terms page with a visible phone; reused across same host rows.,manager,Stay Heirloom,https://stayheirloom.com/,,,
41,"Pet Friendly, Extravagant North Scottsdale Estate - Theater, Bball & more!",VacayAZ,,+14805901655,https://www.vacayaz.com/contact/,Medium,Duplicate host group search found the official VacayAZ contact page with a visible phone; reused across same host rows.,manager,VacayAZ,https://www.vacayaz.com/,bookings@vacayaz.com,,
42,ParadiseValleyMillion$ Estate+Golf+Boccee+Casita,List My Rental Home,,+12174932929,https://www.listmyrentalhome.com/contact,Medium,Duplicate host group search found the official List My Rental Home contact page with a visible phone; reused across same host rows.,manager,List My Rental Home,https://www.listmyrentalhome.com/,gm@listmyrentalhome.com,,
43,"Scottsdale Fabulous: Golf & MT Views, Pvt Htd POOL w/Waterfall, Game Room, TVs & King Beds All BRs",Arizona Vacation Home Rentals,,+14804707739,https://azvacationhomerentals.com/,Medium,Duplicate host group search found Arizona Vacation Home Rentals' public site with a visible phone; reused across same host rows.,manager,Arizona Vacation Home Rentals,https://azvacationhomerentals.com/,,,
44,"Phoenician Villa | Sauna, Pool & Spa",AZHolidayRental,,+18005303660,https://www.holidayrental.com/contact/,Medium,"Duplicate host group search tied AZHolidayRental listings to HolidayRental.com, whose official contact page lists this phone.",manager,HolidayRental.com,https://www.holidayrental.com/,,,
45,Paradise Canyon-Infinity Pool-Mnt Views-Estate 3,GoodNight Stay,,+14805626226,https://www.experiencescottsdale.com/listing/goodnight-stay/49464/; https://goodnightstay.com/,Medium,Duplicate host group search found public GoodNight Stay business and direct booking sources with a visible phone.,manager,GoodNight Stay,https://goodnightstay.com/,hello@goodnightstay.com,,
46,Scottsdale 9BR HÓZHÓ Haven,15015202,,+14805040883,https://stayhozho.com/booking-information/,Medium,"Repeated numeric host group titles and property fingerprints matched HOZHO Scottsdale, and the official booking page lists this phone.",manager,HOZHO Scottsdale,https://stayhozho.com/,,,
47,The Hozho Horizon Estate,217908712,,+14805040883,https://stayhozho.com/booking-information/,Medium,"Repeated numeric host group titles and property fingerprints matched HOZHO Scottsdale, and the official booking page lists this phone.",manager,HOZHO Scottsdale,https://stayhozho.com/,,,
48,SWSS Pool • Golf Simulator • Sauna • Cold Plunge,StayWithStyleScottsdale,,+14808186559,https://www.staywithstylescottsdale.com/contact-us/,Medium,Duplicate host group search found the official Stay With Style Scottsdale contact page with a visible phone; reused across same host rows.,manager,Stay With Style Scottsdale,https://www.staywithstylescottsdale.com/,office@staywithstylescottsdale.com,,
49,"Arcades,Golf,Pickleball,Theater,Gym &Swim-up Bar!",Porter VRM,,+18664682531,https://www.stayporter.com/,Medium,Duplicate host group search found Porter's direct booking site with a visible phone; reused across same host rows.,manager,Porter,https://www.stayporter.com/,,,
50,The Hozho Serenity Estate,217908712,,+14805040883,https://stayhozho.com/booking-information/,Medium,"Repeated numeric host group titles and property fingerprints matched HOZHO Scottsdale, and the official booking page lists this phone.",manager,HOZHO Scottsdale,https://stayhozho.com/,,,
51,Scottsdale Desert Retreat: 8BR Secluded Paradise,15015202,,+14805040883,https://stayhozho.com/booking-information/,Medium,"Repeated numeric host group titles and property fingerprints matched HOZHO Scottsdale, and the official booking page lists this phone.",manager,HOZHO Scottsdale,https://stayhozho.com/,,,
52,Paradise Palace - 9BR Premier Private Compound,VacayAZ,,+14805901655,https://www.vacayaz.com/contact/,Medium,Duplicate host group search found the official VacayAZ contact page with a visible phone; reused across same host rows.,manager,VacayAZ,https://www.vacayaz.com/,bookings@vacayaz.com,,
53,SWSS Pool • Water Slide • Tennis & Pickleball,StayWithStyleScottsdale,,+14808186559,https://www.staywithstylescottsdale.com/contact-us/,Medium,Duplicate host group search found the official Stay With Style Scottsdale contact page with a visible phone; reused across same host rows.,manager,Stay With Style Scottsdale,https://www.staywithstylescottsdale.com/,office@staywithstylescottsdale.com,,
54,Renovated | Famous Cabin | Hot Tub | AC | Mountain,Dwell Rentals,,+19286992866,https://local.yahoo.com/info-199186036-dwell-luxury-rentals-flagstaff; https://www.comparent.com/host/dwell-luxury-rentals,Low,Host search found public business and host profile sources for Dwell Luxury Rentals with a visible phone.,manager,Dwell Luxury Rentals,,,,
55,SWSS 2 Homes • Pool • Splash Pad • Putting Green,StayWithStyleScottsdale,,+14808186559,https://www.staywithstylescottsdale.com/contact-us/,Medium,Duplicate host group search found the official Stay With Style Scottsdale contact page with a visible phone; reused across same host rows.,manager,Stay With Style Scottsdale,https://www.staywithstylescottsdale.com/,office@staywithstylescottsdale.com,,
56,The Hozho Tranquility Estate,217908712,,+14805040883,https://stayhozho.com/booking-information/,Medium,"Repeated numeric host group titles and property fingerprints matched HOZHO Scottsdale, and the official booking page lists this phone.",manager,HOZHO Scottsdale,https://stayhozho.com/,,,
57,Be in the Heart of Scottsdale with a Heated Pool!,30487894,Desert Palms,+14806258631,https://www.airbnb.com/rooms/603526711316509149; https://www.hazvacationrentals.com/contact-us/,Medium,"Exact Airbnb listing research tied the property to HAZ Vacation Rentals, whose official contact page lists this phone.",manager,HAZ Vacation Rentals,https://www.hazvacationrentals.com/,support@hazvacationrentals.com,,
58,The Ponderosa-Gathering Tree's Deluxe Group Stay,6571387,,+19282754032,https://www.gatheringtree.com/availability,Medium,"Repeated numeric host group titles matched Gathering Tree properties, and the official Gathering Tree availability page lists this phone.",manager,Gathering Tree,https://www.gatheringtree.com/,nicole@gatheringtree.com,,
59,2 Homes in 1 | Pickleball Court + Hidden Speakeasy,Excelsior Stays,Serenity Scottsdale,+16232157269,https://exclstays.com/; https://exclstays.guestybookings.com/,Medium,"Exact title and host search tied the listing to Excelsior Stays, whose direct booking sources list this phone.",manager,Excelsior Stays,https://exclstays.com/,Stay@excelsiorstays.com,,
60,"HÓZHÓ on Course with Pool, Courts and Fire Pit",482928211,,+14805040883,https://stayhozho.com/booking-information/,Medium,"Repeated numeric host group titles and property fingerprints matched HOZHO Scottsdale, and the official booking page lists this phone.",manager,HOZHO Scottsdale,https://stayhozho.com/,,,
61,"7BR in PV | Heated Lazy River, Spa, Gym & Theater",Revana Realty,,+18884751465,https://revanarealty.com/property-management/,Medium,Duplicate host group search found Revana Realty's property management page with a visible phone; reused across same host rows.,manager,Revana Realty,https://revanarealty.com/,Contact@RevanaRealty.com,,
62,"Luxury Oasis | Lazy River, Pool & Sport Court",AZHolidayRental,,+18005303660,https://www.holidayrental.com/contact/,Medium,"Duplicate host group search tied AZHolidayRental listings to HolidayRental.com, whose official contact page lists this phone.",manager,HolidayRental.com,https://www.holidayrental.com/,,,
63,Pickleball | Game Room | Hot Tub | Playground,Resort Style Vacation Homes,,+16232270127,https://www.resortstyle.com/contact-us; https://www.resortstyle.com/,Medium,Duplicate host group search found Resort Style Vacation Homes' official contact page with a visible phone; reused across same host rows.,manager,Resort Style Vacation Homes,https://www.resortstyle.com/,info@resortstylevacationhomes.com,,
64,The Aspen-Gathering Tree's Family Reunion Deluxe,6571387,,+19282754032,https://www.gatheringtree.com/availability,Medium,"Repeated numeric host group titles matched Gathering Tree properties, and the official Gathering Tree availability page lists this phone.",manager,Gathering Tree,https://www.gatheringtree.com/,nicole@gatheringtree.com,,
65,Travelers Dream Oasis+JumpmanPicklball+Golf+Bocce,List My Rental Home,,+12174932929,https://www.listmyrentalhome.com/contact,Medium,Duplicate host group search found the official List My Rental Home contact page with a visible phone; reused across same host rows.,manager,List My Rental Home,https://www.listmyrentalhome.com/,gm@listmyrentalhome.com,,
66,"Scottsdale 10BR Desert Oasis: Pool, Hot Tub & More",15015202,,+14805040883,https://stayhozho.com/booking-information/,Medium,"Repeated numeric host group titles and property fingerprints matched HOZHO Scottsdale, and the official booking page lists this phone.",manager,HOZHO Scottsdale,https://stayhozho.com/,,,
67,Thunderbird House and Casita with Pool,I Love Vacations - Scottsdale,,,,,"No confirmed public phone found through title, host, listing ID, or property fingerprint search; phone left blank.",,,,,,
68,The Flagstaff Retreat,Resort Style Vacation Homes,,+16232270127,https://www.resortstyle.com/contact-us; https://www.resortstyle.com/,Medium,Duplicate host group search found Resort Style Vacation Homes' official contact page with a visible phone; reused across same host rows.,manager,Resort Style Vacation Homes,https://www.resortstyle.com/,info@resortstylevacationhomes.com,,
69,The Spruce-Gathering Tree is your Ultimate Famil,6571387,,+19282754032,https://www.gatheringtree.com/availability,Medium,"Repeated numeric host group titles matched Gathering Tree properties, and the official Gathering Tree availability page lists this phone.",manager,Gathering Tree,https://www.gatheringtree.com/,nicole@gatheringtree.com,,
70,"Outdoor Oasis, Games! Paradise Valley Group Villa",Evolve,,+18778181014,https://www.allbiz.com/business/evolve-vacation-rental_35-877-818-1014; https://www.evolve.com/,Low,Host search found an Evolve business profile phone and the official Evolve site confirmed the matching manager brand.,manager,Evolve,https://www.evolve.com/,,,
71,4Million Waterslide+Theatre+Gym+SportCourt,List My Rental Home,,+12174932929,https://www.listmyrentalhome.com/contact,Medium,Duplicate host group search found the official List My Rental Home contact page with a visible phone; reused across same host rows.,manager,List My Rental Home,https://www.listmyrentalhome.com/,gm@listmyrentalhome.com,,
72,HOZHO Estate on Shea,217908712,,+14805040883,https://stayhozho.com/booking-information/,Medium,"Repeated numeric host group titles and property fingerprints matched HOZHO Scottsdale, and the official booking page lists this phone.",manager,HOZHO Scottsdale,https://stayhozho.com/,,,
73,Multi-Million$ResortOasis w/Pickleball+Volley+Golf,List My Rental Home,,+12174932929,https://www.listmyrentalhome.com/contact,Medium,Duplicate host group search found the official List My Rental Home contact page with a visible phone; reused across same host rows.,manager,List My Rental Home,https://www.listmyrentalhome.com/,gm@listmyrentalhome.com,,
74,SWSS Pool • Hot Tub • Volleyball • Sport Court,StayWithStyleScottsdale,,+14808186559,https://www.staywithstylescottsdale.com/contact-us/,Medium,Duplicate host group search found the official Stay With Style Scottsdale contact page with a visible phone; reused across same host rows.,manager,Stay With Style Scottsdale,https://www.staywithstylescottsdale.com/,office@staywithstylescottsdale.com,,
75,Casablanca Gardens by LuxeKey | Pool & Pickleball,LuxeKey,,+14803822072,https://www.crunchbase.com/organization/luxekey; https://luxekey.com/,Low,Host search found a third-party business profile phone for LuxeKey and the official LuxeKey site confirmed the matching company.,manager,LuxeKey Vacation Rentals,https://luxekey.com/,,,
76,Pickleball | Basketball | Game Room | Golf Course,Resort Style Vacation Homes,,+16232270127,https://www.resortstyle.com/contact-us; https://www.resortstyle.com/,Medium,Duplicate host group search found Resort Style Vacation Homes' official contact page with a visible phone; reused across same host rows.,manager,Resort Style Vacation Homes,https://www.resortstyle.com/,info@resortstylevacationhomes.com,,
77,SWSS • Resort Oasis • Pool • Atrium • Sport Court,StayWithStyleScottsdale,,+14808186559,https://www.staywithstylescottsdale.com/contact-us/,Medium,Duplicate host group search found the official Stay With Style Scottsdale contact page with a visible phone; reused across same host rows.,manager,Stay With Style Scottsdale,https://www.staywithstylescottsdale.com/,office@staywithstylescottsdale.com,,
78,Large Luxe Estate | Exclusive Views Near Old Town,Desert Vista Luxury Homes,,+14802005093,https://www.dvluxury.com/,Medium,Duplicate host group search found Desert Vista Luxury Homes' official site with a visible phone; reused across same host rows.,manager,Desert Vista Luxury Homes,https://www.dvluxury.com/,info@dvluxury.com,,
79,Opulent 11-Bedroom Scottsdale Estate with Private,15015202,,+14805040883,https://stayhozho.com/booking-information/,Medium,"Repeated numeric host group titles and property fingerprints matched HOZHO Scottsdale, and the official booking page lists this phone.",manager,HOZHO Scottsdale,https://stayhozho.com/,,,
80,Award-Winning Ritz Carlton Golf Green Estate|Sauna,Rental Advisor,,,,,"No confirmed public phone found through title, host, listing ID, or property fingerprint search; phone left blank.",,,,,,
81,HÓZHÓ Thunderbird | Pool | Pickleball | Slide,482928211,,+14805040883,https://stayhozho.com/booking-information/,Medium,"Repeated numeric host group titles and property fingerprints matched HOZHO Scottsdale, and the official booking page lists this phone.",manager,HOZHO Scottsdale,https://stayhozho.com/,,,
82,The Ultimate Village - Gathering Tree's Estate,6571387,,+19282754032,https://www.gatheringtree.com/availability,Medium,"Repeated numeric host group titles matched Gathering Tree properties, and the official Gathering Tree availability page lists this phone.",manager,Gathering Tree,https://www.gatheringtree.com/,nicole@gatheringtree.com,,
83,"HÓZHÓ Paradise Palms Theater, Pickleball & Slide",482928211,,+14805040883,https://stayhozho.com/booking-information/,Medium,"Repeated numeric host group titles and property fingerprints matched HOZHO Scottsdale, and the official booking page lists this phone.",manager,HOZHO Scottsdale,https://stayhozho.com/,,,
84,"Scottsdale Oasis: Lazy River, Hot Tub, Sport Court",217908712,,+14805040883,https://stayhozho.com/booking-information/,Medium,"Repeated numeric host group titles and property fingerprints matched HOZHO Scottsdale, and the official booking page lists this phone.",manager,HOZHO Scottsdale,https://stayhozho.com/,,,
85,SWSS Pool • Hot Tub • Sport Court • Sleeps 24,StayWithStyleScottsdale,,+14808186559,https://www.staywithstylescottsdale.com/contact-us/,Medium,Duplicate host group search found the official Stay With Style Scottsdale contact page with a visible phone; reused across same host rows.,manager,Stay With Style Scottsdale,https://www.staywithstylescottsdale.com/,office@staywithstylescottsdale.com,,
86,NEW! Meticulous Manor - Scottsdale`s Finest Luxury,VacayAZ,,+14805901655,https://www.vacayaz.com/contact/,Medium,Duplicate host group search found the official VacayAZ contact page with a visible phone; reused across same host rows.,manager,VacayAZ,https://www.vacayaz.com/,bookings@vacayaz.com,,
87,HÓZHÓ Kings Place | Private Pool & Theater Gem,15015202,,+14805040883,https://stayhozho.com/booking-information/,Medium,"Repeated numeric host group titles and property fingerprints matched HOZHO Scottsdale, and the official booking page lists this phone.",manager,HOZHO Scottsdale,https://stayhozho.com/,,,
88,HÓZHÓ Resort-Style Desert Escape w/ Pool & Cabana,217908712,,+14805040883,https://stayhozho.com/booking-information/,Medium,"Repeated numeric host group titles and property fingerprints matched HOZHO Scottsdale, and the official booking page lists this phone.",manager,HOZHO Scottsdale,https://stayhozho.com/,,,
89,Multimillion $ ResortVilla+Waterslide+Pickleball+,List My Rental Home,,+12174932929,https://www.listmyrentalhome.com/contact,Medium,Duplicate host group search found the official List My Rental Home contact page with a visible phone; reused across same host rows.,manager,List My Rental Home,https://www.listmyrentalhome.com/,gm@listmyrentalhome.com,,
90,"ADA Access, Htd Pool, Spa, Putt Green, Fire Pit",Arizona Vacation Home Rentals,,+14804707739,https://azvacationhomerentals.com/,Medium,Duplicate host group search found Arizona Vacation Home Rentals' public site with a visible phone; reused across same host rows.,manager,Arizona Vacation Home Rentals,https://azvacationhomerentals.com/,,,
91,"Charming Desert Retreat w/ pickle-ball, gym,",VacayAZ,,+14805901655,https://www.vacayaz.com/contact/,Medium,Duplicate host group search found the official VacayAZ contact page with a visible phone; reused across same host rows.,manager,VacayAZ,https://www.vacayaz.com/,bookings@vacayaz.com,,
92,HÓZHÓ Riviera Oasis | Pool | Pickleball | Theatre,482928211,,+14805040883,https://stayhozho.com/booking-information/,Medium,"Repeated numeric host group titles and property fingerprints matched HOZHO Scottsdale, and the official booking page lists this phone.",manager,HOZHO Scottsdale,https://stayhozho.com/,,,
93,WaterslideLuxury+3 houses+SportCrt+Shuffle+GolfSpa,List My Rental Home,,+12174932929,https://www.listmyrentalhome.com/contact,Medium,Duplicate host group search found the official List My Rental Home contact page with a visible phone; reused across same host rows.,manager,List My Rental Home,https://www.listmyrentalhome.com/,gm@listmyrentalhome.com,,
94,HÓZHÓ River | Pool | Hot Tub | Lazy River,482928211,,+14805040883,https://stayhozho.com/booking-information/,Medium,"Repeated numeric host group titles and property fingerprints matched HOZHO Scottsdale, and the official booking page lists this phone.",manager,HOZHO Scottsdale,https://stayhozho.com/,,,
95,NEW! Limitless Luxury - 7 BR - Pickleball/Pool/Spa,VacayAZ,,+14805901655,https://www.vacayaz.com/contact/,Medium,Duplicate host group search found the official VacayAZ contact page with a visible phone; reused across same host rows.,manager,VacayAZ,https://www.vacayaz.com/,bookings@vacayaz.com,,
96,Elite Scottsdale Retreat: Putting Green & Theater,217908712,,+14805040883,https://stayhozho.com/booking-information/,Medium,"Repeated numeric host group titles and property fingerprints matched HOZHO Scottsdale, and the official booking page lists this phone.",manager,HOZHO Scottsdale,https://stayhozho.com/,,,
97,HÓZHÓ Sunnyside | Lazy River | Indoor Pickleball,482928211,,+14805040883,https://stayhozho.com/booking-information/,Medium,"Repeated numeric host group titles and property fingerprints matched HOZHO Scottsdale, and the official booking page lists this phone.",manager,HOZHO Scottsdale,https://stayhozho.com/,,,
98,"Heated Pool, Hot Tub, Mini Golf, Arcade Resort!",Techvestor,,+13123376404,https://www.techvestor.com/,Medium,Host search found Techvestor's official site with a visible phone.,manager,Techvestor,https://www.techvestor.com/,support@techvestor.com,,
99,HÓZHÓ Luxe | Lazy River | Indoor Pickleball,482928211,,+14805040883,https://stayhozho.com/booking-information/,Medium,"Repeated numeric host group titles and property fingerprints matched HOZHO Scottsdale, and the official booking page lists this phone.",manager,HOZHO Scottsdale,https://stayhozho.com/,,,
100,SWSS Pool • Hot Tub • Fire Table • Sleeps 16,StayWithStyleScottsdale,,+14808186559,https://www.staywithstylescottsdale.com/contact-us/,Medium,Duplicate host group search found the official Stay With Style Scottsdale contact page with a visible phone; reused across same host rows.,manager,Stay With Style Scottsdale,https://www.staywithstylescottsdale.com/,office@staywithstylescottsdale.com,,
101,Book Castle On Black Mountain & Slide into Fun!,Porter VRM,,+18664682531,https://www.stayporter.com/,Medium,Duplicate host group search found Porter's direct booking site with a visible phone; reused across same host rows.,manager,Porter,https://www.stayporter.com/,,,
102,Paradise Canyon Retreat - 3 Private Estates,GoodNight Stay,,+14805626226,https://www.experiencescottsdale.com/listing/goodnight-stay/49464/; https://goodnightstay.com/,Medium,Duplicate host group search found public GoodNight Stay business and direct booking sources with a visible phone.,manager,GoodNight Stay,https://goodnightstay.com/,hello@goodnightstay.com,,
103,Pool | Spa | Pool Table | Lake View | Sleeps 24,StayEasyLLC,,+17147948094,https://www.stayeasyvacationsllc.com/,Medium,Host search found StayEasy Vacations LLC's official site with a visible phone.,manager,StayEasy Vacations LLC,https://www.stayeasyvacationsllc.com/,StayEasyLLC@gmail.com,,
104,"Resort Style, 2 Houses, Putt-Putt Course, B-ball",Cam Casey Real Estate,,,,,"No confirmed public phone found through title, host, listing ID, or property fingerprint search; phone left blank.",,,,,,
105,Two Homes-Pickleball-Batting Cage-Sand Volleyball,Cam Casey Real Estate,,,,,"No confirmed public phone found through title, host, listing ID, or property fingerprint search; phone left blank.",,,,,,
106,Stunning Views & Outdoor Living at The Boulders,Desert Vista Luxury Homes,,+14802005093,https://www.dvluxury.com/,Medium,Duplicate host group search found Desert Vista Luxury Homes' official site with a visible phone; reused across same host rows.,manager,Desert Vista Luxury Homes,https://www.dvluxury.com/,info@dvluxury.com,,
107,Scottsdale 9BR HoZho Haven,217908712,,+14805040883,https://stayhozho.com/booking-information/,Medium,"Repeated numeric host group titles and property fingerprints matched HOZHO Scottsdale, and the official booking page lists this phone.",manager,HOZHO Scottsdale,https://stayhozho.com/,,,
108,"Sunkist Sanctuary | Pool, Golf Simulator & Hot Tub",482928211,,+14805040883,https://stayhozho.com/booking-information/,Medium,"Repeated numeric host group titles and property fingerprints matched HOZHO Scottsdale, and the official booking page lists this phone.",manager,HOZHO Scottsdale,https://stayhozho.com/,,,
109,*NEW* Luxe Ranch Double Villas | Near GC S Rim,Vivant,,,,,"No confirmed public phone found through title, host, listing ID, or property fingerprint search; phone left blank.",,,,,,
110,"Mescal Villa & Casitas | Pool, Pickleball & Spa",Travli Hospitality,,+14803315369,https://www.travlihospitality.com/,Medium,Duplicate host group search found Travli Hospitality's official site with a visible phone; reused across same host rows.,manager,Travli Hospitality,https://www.travlihospitality.com/,reservations@travlihospitality.com,,
111,Large Group Getaway | Peaceful Views,Getaway Properties AZ,,+19284382929,https://thegetawayaz.com/contact-us,Medium,Host search found Getaway Properties AZ's official contact page with a visible phone.,manager,Getaway Properties AZ,https://thegetawayaz.com/,info@thegetawayaz.com,,
112,"The Full Estate: Villa, Casita, Theater, & Arcade",Mojo Hospitality,,+14808055854,https://www.staywithmojo.com/,Medium,Duplicate host group search found Mojo Hospitality's official site with a visible phone; reused across same host rows.,manager,Mojo Hospitality,https://www.staywithmojo.com/,info@staywithmojo.com,,
113,"5BR Luxe Retreat | Heated Pool, Hot Tub & Casita",Revana Realty,,+18884751465,https://revanarealty.com/property-management/,Medium,Duplicate host group search found Revana Realty's property management page with a visible phone; reused across same host rows.,manager,Revana Realty,https://revanarealty.com/,Contact@RevanaRealty.com,,
114,3Million$Resort BellTower+Waterslde+Picklebll+Golf,List My Rental Home,,+12174932929,https://www.listmyrentalhome.com/contact,Medium,Duplicate host group search found the official List My Rental Home contact page with a visible phone; reused across same host rows.,manager,List My Rental Home,https://www.listmyrentalhome.com/,gm@listmyrentalhome.com,,
115,"Sunset Palms-Pool, Spa & Sports Court-Scottsdale",GoodNight Stay,,+14805626226,https://www.experiencescottsdale.com/listing/goodnight-stay/49464/; https://goodnightstay.com/,Medium,Duplicate host group search found public GoodNight Stay business and direct booking sources with a visible phone.,manager,GoodNight Stay,https://goodnightstay.com/,hello@goodnightstay.com,,
116,"9BR Estate | Mountain Views, Pool, Spa & Theater",AZHolidayRental,,+18005303660,https://www.holidayrental.com/contact/,Medium,"Duplicate host group search tied AZHolidayRental listings to HolidayRental.com, whose official contact page lists this phone.",manager,HolidayRental.com,https://www.holidayrental.com/,,,
117,Scottsdalestays-28 Real Beds-2 Homes Across Street,238954779,,+14803184923,https://scottsdalestays.com/contact-us/,High,"Repeated numeric host group titles explicitly reference ScottsdaleStays, and the official contact page lists this phone.",manager,ScottsdaleStays,https://scottsdalestays.com/,,,
118,Luxury Mansion-Heated Pool-Pickleball-Batting Cage,Cam Casey Real Estate,,,,,"No confirmed public phone found through title, host, listing ID, or property fingerprint search; phone left blank.",,,,,,
119,Luxurious Family Reunion Cabin Sleeps 18 Flagstaff,Evolve,,+18778181014,https://www.allbiz.com/business/evolve-vacation-rental_35-877-818-1014; https://www.evolve.com/,Low,Host search found an Evolve business profile phone and the official Evolve site confirmed the matching manager brand.,manager,Evolve,https://www.evolve.com/,,,
120,The Desert Reserve: FREE Heated Pool | Pickleball,Home Team Vacation Rentals,,+17279773238,https://hometeamluxuryrentals.com/meet-our-team,Medium,Duplicate host group search found Home Team Vacation Rentals' public team page with a visible phone; reused across same host rows.,manager,Home Team Vacation Rentals,https://hometeamluxuryrentals.com/,,,
121,$5M PV Estate|Casita|Camelback View|Sleeps 16,Travli Hospitality,,+14803315369,https://www.travlihospitality.com/,Medium,Duplicate host group search found Travli Hospitality's official site with a visible phone; reused across same host rows.,manager,Travli Hospitality,https://www.travlihospitality.com/,reservations@travlihospitality.com,,
122,Luxe PV Retreat - Pickleball - Heated Pool - Sauna,Home Team Vacation Rentals,,+17279773238,https://hometeamluxuryrentals.com/meet-our-team,Medium,Duplicate host group search found Home Team Vacation Rentals' public team page with a visible phone; reused across same host rows.,manager,Home Team Vacation Rentals,https://hometeamluxuryrentals.com/,,,
123,HÓZHÓ 19th Hole | Pool | Golf Sim | Pickleball,482928211,,+14805040883,https://stayhozho.com/booking-information/,Medium,"Repeated numeric host group titles and property fingerprints matched HOZHO Scottsdale, and the official booking page lists this phone.",manager,HOZHO Scottsdale,https://stayhozho.com/,,,
124,"NEW! The Windrose w/ Pickleball, Pool & Spa",Mojo Hospitality,,+14808055854,https://www.staywithmojo.com/,Medium,Duplicate host group search found Mojo Hospitality's official site with a visible phone; reused across same host rows.,manager,Mojo Hospitality,https://www.staywithmojo.com/,info@staywithmojo.com,,
125,Julep by AvantStay | Mid-Century Modern Estate,Scottsdale AZ By AvantStay,,+18334428268,https://help.avantstay.com/hc/en-us/articles/21607615770516-Who-do-I-contact-if-I-need-assistance-during-my-stay; https://avantstay.com/,Medium,"Host search tied the listing to AvantStay, and AvantStay's official help center lists this guest assistance phone.",manager,AvantStay,https://avantstay.com/,,,
126,HÓZHÓ Estate on Desert Hills | Pool  $80k Golf Sim,482928211,,+14805040883,https://stayhozho.com/booking-information/,Medium,"Repeated numeric host group titles and property fingerprints matched HOZHO Scottsdale, and the official booking page lists this phone.",manager,HOZHO Scottsdale,https://stayhozho.com/,,,
127,"Grand Legacy Lodge, White Mountains AZ, Sleeps 34",Longitude Experience,,,,,"No confirmed public phone found through title, host, listing ID, or property fingerprint search; phone left blank.",,,,,,
128,"Legacy Lodge & Barn Retreat, Sleeps 42",Longitude Experience,,,,,"No confirmed public phone found through title, host, listing ID, or property fingerprint search; phone left blank.",,,,,,
129,Brick & Beam A Conservatory by Gathering Tree,6571387,,+19282754032,https://www.gatheringtree.com/availability,Medium,"Repeated numeric host group titles matched Gathering Tree properties, and the official Gathering Tree availability page lists this phone.",manager,Gathering Tree,https://www.gatheringtree.com/,nicole@gatheringtree.com,,
130,Casa Palacio Luxurious 8BR Mansion in Scottsdale,Parsons Villas,,+14807810717,https://parsonsvillas.com/contact-us/,Medium,Duplicate host group search found Parsons Villas' official contact page with a visible phone; reused across same host rows.,manager,Parsons Villas,https://parsonsvillas.com/,,,
131,"Valley Vista - 11BR, 12K Sf Estate Family Retreat",548435836,Valley Vista Estate,+14807810717,https://parsonsvillas.com/scottsdale/valley-vista-estate/; https://parsonsvillas.com/contact-us/,Medium,"Exact title search found Parsons Villas' Valley Vista Estate page, and Parsons Villas' contact page lists this phone.",manager,Parsons Villas,https://parsonsvillas.com/scottsdale/valley-vista-estate/,,,
132,Sundown - 2 Homes w/ Private Pools - In Scottsdale,GoodNight Stay,,+14805626226,https://www.experiencescottsdale.com/listing/goodnight-stay/49464/; https://goodnightstay.com/,Medium,Duplicate host group search found public GoodNight Stay business and direct booking sources with a visible phone.,manager,GoodNight Stay,https://goodnightstay.com/,hello@goodnightstay.com,,
133,"Luxe Private Resort Compound, Heated Pool and Spa",Heirloom,,+15045070523,https://stayheirloom.com/terms-of-service/,Medium,Duplicate host group search found Stay Heirloom's official terms page with a visible phone; reused across same host rows.,manager,Stay Heirloom,https://stayheirloom.com/,,,
134,LUXE - Arbor Grove Luxury Estate in Scottsdale,105724935,Arbor Grove Luxury Estate,+18883059566,https://www.ourstay.com/; https://www.airbnb.com/users/show/105724935,Medium,"Host ID search matched OurStay Vacations and Arbor Grove, and OurStay's public site lists this phone.",manager,OurStay Vacations,https://www.ourstay.com/,hello@ourstay.com,,
135,"Scottsdale Luxury Mega Compound, Heated Pools",Heirloom,,+15045070523,https://stayheirloom.com/terms-of-service/,Medium,Duplicate host group search found Stay Heirloom's official terms page with a visible phone; reused across same host rows.,manager,Stay Heirloom,https://stayheirloom.com/,,,
136,HÓZHÓ Collective at Lone Mountain,217908712,,+14805040883,https://stayhozho.com/booking-information/,Medium,"Repeated numeric host group titles and property fingerprints matched HOZHO Scottsdale, and the official booking page lists this phone.",manager,HOZHO Scottsdale,https://stayhozho.com/,,,
137,Gathering Tree's Group stay,6571387,,+19282754032,https://www.gatheringtree.com/availability,Medium,"Repeated numeric host group titles matched Gathering Tree properties, and the official Gathering Tree availability page lists this phone.",manager,Gathering Tree,https://www.gatheringtree.com/,nicole@gatheringtree.com,,
138,Scottsdale Jetsetter - Modern Desert Luxury,VacayAZ,,+14805901655,https://www.vacayaz.com/contact/,Medium,Duplicate host group search found the official VacayAZ contact page with a visible phone; reused across same host rows.,manager,VacayAZ,https://www.vacayaz.com/,bookings@vacayaz.com,,
139,Brick & Beam Ultimate  by Gathering Tree,6571387,,+19282754032,https://www.gatheringtree.com/availability,Medium,"Repeated numeric host group titles matched Gathering Tree properties, and the official Gathering Tree availability page lists this phone.",manager,Gathering Tree,https://www.gatheringtree.com/,nicole@gatheringtree.com,,
140,"Luxe Desert Compound, Private Heated Pool",Heirloom,,+15045070523,https://stayheirloom.com/terms-of-service/,Medium,Duplicate host group search found Stay Heirloom's official terms page with a visible phone; reused across same host rows.,manager,Stay Heirloom,https://stayheirloom.com/,,,
141,Serenissima – La Dolce Vita above Paradise Valley,VacayAZ,,+14805901655,https://www.vacayaz.com/contact/,Medium,Duplicate host group search found the official VacayAZ contact page with a visible phone; reused across same host rows.,manager,VacayAZ,https://www.vacayaz.com/,bookings@vacayaz.com,,
142,SWSS Pool • Golf Simulator • Sport Court • Sauna,StayWithStyleScottsdale,,+14808186559,https://www.staywithstylescottsdale.com/contact-us/,Medium,Duplicate host group search found the official Stay With Style Scottsdale contact page with a visible phone; reused across same host rows.,manager,Stay With Style Scottsdale,https://www.staywithstylescottsdale.com/,office@staywithstylescottsdale.com,,
143,"Lux Fountain Hills, VIEWS, Inf Pool, Hot Tub, Golf",Arizona Vacation Home Rentals,,+14804707739,https://azvacationhomerentals.com/,Medium,Duplicate host group search found Arizona Vacation Home Rentals' public site with a visible phone; reused across same host rows.,manager,Arizona Vacation Home Rentals,https://azvacationhomerentals.com/,,,
144,SWSS Luxe Pool Retreat • Sport Court • Pickleball,StayWithStyleScottsdale,,+14808186559,https://www.staywithstylescottsdale.com/contact-us/,Medium,Duplicate host group search found the official Stay With Style Scottsdale contact page with a visible phone; reused across same host rows.,manager,Stay With Style Scottsdale,https://www.staywithstylescottsdale.com/,office@staywithstylescottsdale.com,,
145,Lux Home Heated Pool|Golf Sim|Pickleball|Spa|Sauna,Vello,,+15042336924,https://www.stayvello.com/locations/; https://www.airbnb.com/users/show/1104148568,Medium,Host search matched Vello's official site and Airbnb host profile; the public Vello site lists this phone.,manager,Vello,https://www.stayvello.com/,hello@stayvello.com,,
146,Paradise Canyon-Private Event Venue-Estate 1&3,GoodNight Stay,,+14805626226,https://www.experiencescottsdale.com/listing/goodnight-stay/49464/; https://goodnightstay.com/,Medium,Duplicate host group search found public GoodNight Stay business and direct booking sources with a visible phone.,manager,GoodNight Stay,https://goodnightstay.com/,hello@goodnightstay.com,,
147,Paradise Canyon-Pool w/ Mountain Views-Estate 1&2,GoodNight Stay,,+14805626226,https://www.experiencescottsdale.com/listing/goodnight-stay/49464/; https://goodnightstay.com/,Medium,Duplicate host group search found public GoodNight Stay business and direct booking sources with a visible phone.,manager,GoodNight Stay,https://goodnightstay.com/,hello@goodnightstay.com,,
148,Paradise Canyon-3 Estates+Casita w/Horse Stables,GoodNight Stay,,+14805626226,https://www.experiencescottsdale.com/listing/goodnight-stay/49464/; https://goodnightstay.com/,Medium,Duplicate host group search found public GoodNight Stay business and direct booking sources with a visible phone.,manager,GoodNight Stay,https://goodnightstay.com/,hello@goodnightstay.com,,
149,"Small Venue, 4 Homes, Pool & Spa, Sleeps 36, Views",Arizona Vacation Home Rentals,,+14804707739,https://azvacationhomerentals.com/,Medium,Duplicate host group search found Arizona Vacation Home Rentals' public site with a visible phone; reused across same host rows.,manager,Arizona Vacation Home Rentals,https://azvacationhomerentals.com/,,,
150,Resort w/Golf Sim/Pickleball/Speakeasy/Heated Pool,464913733,,,,,"No confirmed public phone found through title, host, listing ID, or property fingerprint search; phone left blank.",,,,,,
151,HÓZHÓ Cattle Track | Pool | Pickleball | Golf Sim,482928211,,+14805040883,https://stayhozho.com/booking-information/,Medium,"Repeated numeric host group titles and property fingerprints matched HOZHO Scottsdale, and the official booking page lists this phone.",manager,HOZHO Scottsdale,https://stayhozho.com/,,,
152,Paradise Canyon-Pool w/ Mountain Views-Estate 1&2,GoodNight Stay,,+14805626226,https://www.experiencescottsdale.com/listing/goodnight-stay/49464/; https://goodnightstay.com/,Medium,Duplicate host group search found public GoodNight Stay business and direct booking sources with a visible phone.,manager,GoodNight Stay,https://goodnightstay.com/,hello@goodnightstay.com,,
