Title,Property Manager/Host,Contact,Revenue,Revenue Potential,ADR,Occupancy,Days Available,Bedrooms,Bathrooms,Accommodates,Has Air Conditioning,Has Gym,Has Hot Tub,Has Kitchen,Has Parking,Has Pets,Has Pool,Listing Type,Property Type,Real Estate Type,Overall Rating,Number of Reviews,Minimum Stay,Host Unit Count,Price Tier,Airbnb Superhost,Cleaning Fee,Instant Book,Reserved Days,Number of Bookings,Last Update,AirDNA Market,AirDNA Subarket,City,State,Zipcode,Country,Location Type,Listing URL,Main Listing Image,Airbnb Property ID,Vrbo Property ID,Latitude,Longitude,Market Average Occupancy,Market Average Revenue,Occupancy Gap,Revenue % Gap,Revenue $ Gap
The Avenue! Historic Mansion in DT Manitou Springs,Renjoy,,243579,250322,1383.97,51.76,348,9,8,16,true,false,true,true,true,false,false,Home/Apartment,Villa,House/villa,5,71,3,21+,Luxury,false,838,false,176,47,2026-05-13,Colorado Springs,Manitou Springs,Manitou Springs,Colorado,80829,United States,mid_size_city,https://www.airbnb.com/rooms/1151037016175739743,https://a0.muscache.com/im/pictures/prohost-api/Hosting-1151037016175739743/original/68114fec-6633-4102-9936-86167d352c36.jpeg,1151037016175739743,3999421,38.8567,-104.915,=AVERAGE($G$2:$G$98),=AVERAGE($D$2:$D$98),"=IFERROR(($AT2-G2)/$AT2,0)","=IFERROR(($AU2-D2)/$AU2,0)",=$AU2-D2
Onaledge House Manitou Springs,SunMountain Center,,194769,290879,1623.08,48,270,8,5,16,true,false,true,true,true,false,false,Home/Apartment,House,House/villa,4.9,121,2,6-20,Luxury,true,451,false,120,30,2026-05-11,Colorado Springs,Manitou Springs,Manitou Springs,Colorado,80829,United States,mid_size_city,https://www.airbnb.com/rooms/45482497,https://a0.muscache.com/im/pictures/miso/Hosting-45482497/original/d864e821-cbf7-41f9-bc8d-b4c751f0dad2.jpeg,45482497,2089387,38.85886,-104.90282,=AVERAGE($G$2:$G$98),=AVERAGE($D$2:$D$98),"=IFERROR(($AT3-G3)/$AT3,0)","=IFERROR(($AU3-D3)/$AU3,0)",=$AU3-D3
"Indoor POOL, Hot Tub, Sauna! Garden of the Gods",522530326,,129400,143233,813.84,61.63,306,4,3,10,true,false,true,false,true,false,true,Home/Apartment,House,House/villa,4.95,62,3,1,Luxury,true,300,true,159,37,2026-05-17,Colorado Springs,Manitou Springs,Colorado Springs,Colorado,80904,United States,mid_size_city,https://www.airbnb.com/rooms/923798827274547676,https://a0.muscache.com/im/pictures/prohost-api/Hosting-923798827274547676/original/e194331b-856f-49b1-9b53-e855078d8ac5.jpeg,923798827274547676,3472058,38.8596,-104.8813,=AVERAGE($G$2:$G$98),=AVERAGE($D$2:$D$98),"=IFERROR(($AT4-G4)/$AT4,0)","=IFERROR(($AU4-D4)/$AU4,0)",=$AU4-D4
Modern Manitou | Streamside Deck Dining | Wildlife,Five Star BnB,,119074,119898,459.75,71.75,361,4,3,10,true,false,false,true,true,false,false,Home/Apartment,House,House/villa,4.9,283,3,21+,Luxury,true,275,false,259,59,2026-05-17,Colorado Springs,Manitou Springs,Manitou Springs,Colorado,80829,United States,mid_size_city,https://www.airbnb.com/rooms/21446405,https://a0.muscache.com/im/pictures/392ecab6-c741-453a-8268-b4b214c92f9d.jpg,21446405,275238,38.85118,-104.89484,=AVERAGE($G$2:$G$98),=AVERAGE($D$2:$D$98),"=IFERROR(($AT5-G5)/$AT5,0)","=IFERROR(($AU5-D5)/$AU5,0)",=$AU5-D5
The Painted Pony l Garden of the Gods,94525341,,109278,112339,417.09,74.01,354,3,2,7,true,false,false,true,true,false,false,Home/Apartment,House,House/villa,5,193,4,6-20,Luxury,true,140,false,262,76,2026-05-17,Colorado Springs,Manitou Springs,Colorado Springs,Colorado,80904,United States,mid_size_city,https://www.airbnb.com/rooms/815935771665833351,https://a0.muscache.com/im/pictures/miso/Hosting-815935771665833351/original/51e6d9d6-553e-4f58-a236-8e59ef1606d9.jpeg,815935771665833351,3848708,38.8594,-104.8864,=AVERAGE($G$2:$G$98),=AVERAGE($D$2:$D$98),"=IFERROR(($AT6-G6)/$AT6,0)","=IFERROR(($AU6-D6)/$AU6,0)",=$AU6-D6
Heart of Manitou Springs. Rent all 3 apartments.,175336607,,108903,151047,756.27,49.66,290,4,4,11,true,false,false,true,true,false,false,Home/Apartment,House,House/villa,5,146,1,2-5,Luxury,true,240,false,144,52,2026-05-17,Colorado Springs,Manitou Springs,Manitou Springs,Colorado,80829,United States,mid_size_city,https://www.airbnb.com/rooms/23485933,https://a0.muscache.com/im/pictures/609bdfe5-c5d5-4a83-87c4-aa0aac5421b2.jpg,23485933,1194615,38.86057,-104.91862,=AVERAGE($G$2:$G$98),=AVERAGE($D$2:$D$98),"=IFERROR(($AT7-G7)/$AT7,0)","=IFERROR(($AU7-D7)/$AU7,0)",=$AU7-D7
Relaxing Colorado Mountain Vacation Home,,,104472,108490,452.26,65.07,355,3,3,6,true,false,false,true,true,false,false,Home/Apartment,House,House/villa,5,374,3,1,Luxury,false,184,true,231,59,2026-05-14,Colorado Springs,Manitou Springs,Manitou Springs,Colorado,80829,United States,mid_size_city,https://www.vrbo.com/470247,https://media.vrbo.com/lodging/19000000/19000000/18993800/18993788/362bc883.jpg?impolicy=resizecrop&rw=1200&ra=fit,,470247,38.860266,-104.915554,=AVERAGE($G$2:$G$98),=AVERAGE($D$2:$D$98),"=IFERROR(($AT8-G8)/$AT8,0)","=IFERROR(($AU8-D8)/$AU8,0)",=$AU8-D8
"Historic 4BR Home, Walk Downtown",6586902,,88750,91323,513.01,49.43,355,4,4,8,true,false,false,true,true,false,false,Home/Apartment,House,House/villa,5,142,3,6-20,Luxury,true,287,false,173,47,2026-05-11,Colorado Springs,Manitou Springs,Manitou Springs,Colorado,80829,United States,mid_size_city,https://www.airbnb.com/rooms/602365363627599786,https://a0.muscache.com/im/pictures/miso/Hosting-602365363627599786/original/dd213e52-bc65-4de1-8992-43f371f4e140.jpeg,602365363627599786,3102934,38.85687,-104.91637,=AVERAGE($G$2:$G$98),=AVERAGE($D$2:$D$98),"=IFERROR(($AT9-G9)/$AT9,0)","=IFERROR(($AU9-D9)/$AU9,0)",=$AU9-D9
Secluded Mountain Lodge in Manitou Springs,189080029,,87432,127122,1135.48,41.85,256,5,5,14,true,false,false,false,true,false,false,Home/Apartment,House,House/villa,5,30,2,6-20,Luxury,true,300,false,77,13,2026-05-05,Colorado Springs,Manitou Springs,Manitou Springs,Colorado,80829,United States,mid_size_city,https://www.airbnb.com/rooms/800809402519334969,https://a0.muscache.com/im/pictures/hosting/Hosting-U3RheVN1cHBseUxpc3Rpbmc6ODAwODA5NDAyNTE5MzM0OTY5/original/970b2eb3-0df6-46ec-b5e7-d43130360dd0.jpeg,800809402519334969,,38.8463,-104.9165,=AVERAGE($G$2:$G$98),=AVERAGE($D$2:$D$98),"=IFERROR(($AT10-G10)/$AT10,0)","=IFERROR(($AU10-D10)/$AU10,0)",=$AU10-D10
"3BR Manitou Springs 2min to Restaurants, Hot Tub!","Hoste, LLC",,85055,89333,405.02,78.07,269,3,2,8,false,false,true,true,true,true,false,Home/Apartment,House,House/villa,4.6,26,3,21+,Luxury,true,342,true,210,68,2026-03-01,Colorado Springs,Manitou Springs,Manitou Springs,Colorado,80829,United States,mid_size_city,https://www.airbnb.com/rooms/43362946,https://a0.muscache.com/im/pictures/db1af177-1cdc-40c8-8590-1c964c8a1bc8.jpg,43362946,9472807ha,38.8622,-104.9174,=AVERAGE($G$2:$G$98),=AVERAGE($D$2:$D$98),"=IFERROR(($AT11-G11)/$AT11,0)","=IFERROR(($AU11-D11)/$AU11,0)",=$AU11-D11
"Amazing Manitou Retreat, 4 BR, AC, Wifi",ITrip Vacations,,84661,89046,572.03,48.68,345,4,3,12,true,false,false,true,true,false,false,Home/Apartment,House,House/villa,4.9,223,3,21+,Luxury,true,555,true,148,41,2026-05-13,Colorado Springs,Manitou Springs,Manitou Springs,Colorado,80829,United States,mid_size_city,https://www.airbnb.com/rooms/51844186,https://a0.muscache.com/im/pictures/prohost-api/Hosting-51844186/original/abccdbc0-25f6-46fc-99d2-b87ab09cf365.jpeg,51844186,9603459ha,38.8567,-104.93,=AVERAGE($G$2:$G$98),=AVERAGE($D$2:$D$98),"=IFERROR(($AT12-G12)/$AT12,0)","=IFERROR(($AU12-D12)/$AU12,0)",=$AU12-D12
The Owl's Nest @ Manitou: Mtn Views on Main Street,269616558,,83906,86834,321.48,73.73,354,1,1,4,true,false,false,true,true,false,false,Home/Apartment,Condominium (condo),Apt/Condo/Loft,4.9,187,2,2-5,Luxury,false,185,true,261,86,2026-05-17,Colorado Springs,Manitou Springs,Manitou Springs,Colorado,80829,United States,mid_size_city,https://www.airbnb.com/rooms/653755002660726590,https://a0.muscache.com/im/pictures/miso/Hosting-653755002660726590/original/63c8e33c-f1fd-4ef2-b048-c454fbe21057.jpeg,653755002660726590,2870398,38.85838,-104.91787,=AVERAGE($G$2:$G$98),=AVERAGE($D$2:$D$98),"=IFERROR(($AT13-G13)/$AT13,0)","=IFERROR(($AU13-D13)/$AU13,0)",=$AU13-D13
Cozy Manitou Mountain Home,176290053,,79709,85469,296.32,79.35,339,1,1,2,true,false,true,true,true,true,false,Home/Apartment,House,House/villa,4.9,59,2,6-20,Luxury,false,183,false,269,91,2026-05-17,Colorado Springs,Manitou Springs,Manitou Springs,Colorado,80829,United States,mid_size_city,https://www.airbnb.com/rooms/1030384469302664658,https://a0.muscache.com/im/pictures/miso/Hosting-1030384469302664658/original/6f76bc08-74fe-4143-bd81-16cd63f17f8f.jpeg,1030384469302664658,3722156,38.85792,-104.92415,=AVERAGE($G$2:$G$98),=AVERAGE($D$2:$D$98),"=IFERROR(($AT14-G14)/$AT14,0)","=IFERROR(($AU14-D14)/$AU14,0)",=$AU14-D14
Vista Views Townhome,221058099,,61383,75057,365.38,68.02,302,3,2,6,true,false,false,true,true,false,false,Home/Apartment,Townhouse,Apt/Condo/Loft,4.95,21,2,1,Luxury,false,150,false,168,26,2026-05-11,Colorado Springs,Manitou Springs,Colorado Springs,Colorado,80904,United States,mid_size_city,https://www.airbnb.com/rooms/1070411561082403060,https://a0.muscache.com/im/pictures/hosting/Hosting-1070411561082403060/original/d57269a6-a5ba-4982-b138-2678ea9ed33a.jpeg,1070411561082403060,4166783,38.8594,-104.8865,=AVERAGE($G$2:$G$98),=AVERAGE($D$2:$D$98),"=IFERROR(($AT15-G15)/$AT15,0)","=IFERROR(($AU15-D15)/$AU15,0)",=$AU15-D15
Historic Manitou Springs Victorian: Walk Downtown!,Evolve,,60106,60849,257.97,65.63,355,2,2,6,true,false,false,true,true,false,false,Home/Apartment,Cottage,House/villa,4.7,178,2,21+,Luxury,false,178,true,233,71,2026-05-17,Colorado Springs,Manitou Springs,Manitou Springs,Colorado,80829,United States,mid_size_city,https://www.airbnb.com/rooms/44282219,https://a0.muscache.com/im/pictures/prohost-api/Hosting-44282219/original/abf39d9d-d8c2-44f2-9ec3-9c6e790303c5.jpeg,44282219,9482387ha,38.8556,-104.9127,=AVERAGE($G$2:$G$98),=AVERAGE($D$2:$D$98),"=IFERROR(($AT16-G16)/$AT16,0)","=IFERROR(($AU16-D16)/$AU16,0)",=$AU16-D16
4BR Home with mountain views - 1 Block to Downtown,286396015,,59796,70082,385.78,49.21,322,4,2,8,true,false,false,true,true,false,false,Home/Apartment,House,House/villa,5,215,4,1,Luxury,true,140,false,155,40,2026-05-11,Colorado Springs,Manitou Springs,Manitou Springs,Colorado,80829,United States,mid_size_city,https://www.airbnb.com/rooms/37832376,https://a0.muscache.com/im/pictures/miso/Hosting-37832376/original/481b4e2a-2dde-4041-9433-62053ef85e37.jpeg,37832376,1722018,38.857,-104.9108,=AVERAGE($G$2:$G$98),=AVERAGE($D$2:$D$98),"=IFERROR(($AT17-G17)/$AT17,0)","=IFERROR(($AU17-D17)/$AU17,0)",=$AU17-D17
The Bonnie Brae Suite,SunMountain Center,,59087,61143,218.03,77.43,350,2,1,4,true,false,false,false,true,false,false,Private Room,Farm stay,Unique,4.9,85,2,6-20,Luxury,true,0,true,271,60,2026-05-11,Colorado Springs,Manitou Springs,Manitou Springs,Colorado,80829,United States,mid_size_city,https://www.airbnb.com/rooms/22549803,https://a0.muscache.com/im/pictures/miso/Hosting-22549803/original/140bca7a-ac4a-454d-b642-84416dbe425f.jpeg,22549803,,38.8596,-104.9015,=AVERAGE($G$2:$G$98),=AVERAGE($D$2:$D$98),"=IFERROR(($AT18-G18)/$AT18,0)","=IFERROR(($AU18-D18)/$AU18,0)",=$AU18-D18
"Cozy Manitou Mountain Home- Prime location!

",,,56041,67777,307.92,78.45,232,1,2,2,true,false,true,true,true,true,false,Home/Apartment,House,House/villa,4.8,18,2,1,Luxury,false,149,true,182,60,2026-02-01,Colorado Springs,Manitou Springs,Manitou Springs,Colorado,80829,United States,mid_size_city,https://www.vrbo.com/4008028,https://media.vrbo.com/lodging/106000000/105290000/105289900/105289886/c09bc588.jpg?impolicy=resizecrop&rw=1200&ra=fit,,4008028,38.85613,-104.92296,=AVERAGE($G$2:$G$98),=AVERAGE($D$2:$D$98),"=IFERROR(($AT19-G19)/$AT19,0)","=IFERROR(($AU19-D19)/$AU19,0)",=$AU19-D19
River Access Home in Downtown Manitou Springs,88568831,,55614,55820,212.27,71.98,364,2,2,6,true,false,false,true,true,true,false,Home/Apartment,House,House/villa,4.7,349,2,2-5,Luxury,true,120,true,262,81,2026-05-17,Colorado Springs,Manitou Springs,Manitou Springs,Colorado,80829,United States,mid_size_city,https://www.airbnb.com/rooms/15002970,https://a0.muscache.com/im/pictures/6bff33d3-e6d4-4ae0-b369-facd3f64a23d.jpg,15002970,4275871ha,38.86297,-104.92231,=AVERAGE($G$2:$G$98),=AVERAGE($D$2:$D$98),"=IFERROR(($AT20-G20)/$AT20,0)","=IFERROR(($AU20-D20)/$AU20,0)",=$AU20-D20
NEW! @ Manitou Incline~Cog Railway~New Hot Tub!,64365901,,55415,55640,379.55,45.48,363,3,2,8,true,false,true,true,true,false,false,Home/Apartment,House,House/villa,5,74,2,6-20,Luxury,true,240,true,146,42,2026-05-11,Colorado Springs,Manitou Springs,Manitou Springs,Colorado,80829,United States,mid_size_city,https://www.airbnb.com/rooms/1174571041615023808,https://a0.muscache.com/im/pictures/hosting/Hosting-1174571041615023808/original/f0222e98-31af-4887-aba3-3208beaff724.jpeg,1174571041615023808,4025164,38.8568,-104.9298,=AVERAGE($G$2:$G$98),=AVERAGE($D$2:$D$98),"=IFERROR(($AT21-G21)/$AT21,0)","=IFERROR(($AU21-D21)/$AU21,0)",=$AU21-D21
Spacious Manitou Home w/ Views in Central Location,Evolve,,53804,66028,381.59,73.44,208,2,2,5,true,false,false,true,true,false,false,Home/Apartment,House,House/villa,5,62,3,21+,Luxury,false,172,true,141,32,2026-05-13,Colorado Springs,Manitou Springs,Manitou Springs,Colorado,80829,United States,mid_size_city,https://www.airbnb.com/rooms/52317606,https://a0.muscache.com/im/pictures/prohost-api/Hosting-52317606/original/63647ba1-9966-479b-baaa-722c3b1078a2.jpeg,52317606,9610101ha,38.8585,-104.9026,=AVERAGE($G$2:$G$98),=AVERAGE($D$2:$D$98),"=IFERROR(($AT22-G22)/$AT22,0)","=IFERROR(($AU22-D22)/$AU22,0)",=$AU22-D22
NEW! Central Cozy Cottage Near Garden of the Gods!,Evolve,,53534,54343,222.13,67.13,359,2,2,8,true,false,false,true,true,false,false,Home/Apartment,House,House/villa,5,151,3,21+,Luxury,false,88,true,241,68,2019-12-04,Colorado Springs,Manitou Springs,Manitou Springs,Colorado,80829,United States,mid_size_city,https://www.airbnb.com/rooms/34275559,https://a0.muscache.com/im/pictures/ae223727-7546-4b4f-990b-2eafd6956929.jpg?aki_policy=x_large,34275559,9219993ha,38.86056,-104.88657,=AVERAGE($G$2:$G$98),=AVERAGE($D$2:$D$98),"=IFERROR(($AT23-G23)/$AT23,0)","=IFERROR(($AU23-D23)/$AU23,0)",=$AU23-D23
The Garden House at the Fountain Creek Inn,209714076,,52120,54771,267.28,55.87,349,2,1,8,false,false,false,true,true,false,false,Home/Apartment,House,House/villa,4.9,129,4,6-20,Luxury,true,107,false,195,67,2026-05-11,Colorado Springs,Manitou Springs,Manitou Springs,Colorado,80829,United States,mid_size_city,https://www.airbnb.com/rooms/987699530715075953,https://a0.muscache.com/im/pictures/miso/Hosting-987699530715075953/original/078650b2-df11-49db-9b8e-be931f850081.jpeg,987699530715075953,3718598,38.8628,-104.9216,=AVERAGE($G$2:$G$98),=AVERAGE($D$2:$D$98),"=IFERROR(($AT24-G24)/$AT24,0)","=IFERROR(($AU24-D24)/$AU24,0)",=$AU24-D24
Borders Manitou Incline*Cog Railway*Creek*Hot Tub,64365901,,52033,55276,323.19,50.63,346,3,2,7,true,false,true,true,true,false,false,Home/Apartment,House,House/villa,4.8,370,2,6-20,Luxury,true,224,true,161,50,2026-05-11,Colorado Springs,Manitou Springs,Manitou Springs,Colorado,80829,United States,mid_size_city,https://www.airbnb.com/rooms/14989179,https://a0.muscache.com/im/pictures/hosting/Hosting-U3RheVN1cHBseUxpc3Rpbmc6MTQ5ODkxNzk=/original/28f064b6-c36a-4358-862d-da249282abea.jpeg,14989179,700918,38.8543,-104.9345,=AVERAGE($G$2:$G$98),=AVERAGE($D$2:$D$98),"=IFERROR(($AT25-G25)/$AT25,0)","=IFERROR(($AU25-D25)/$AU25,0)",=$AU25-D25
The Spindletop Suite,SunMountain Center,,51121,53032,217.54,73.67,320,1,1,4,true,false,false,false,true,false,false,Private Room,Farm stay,Unique,4.9,83,2,6-20,Luxury,true,0,true,235,51,2026-05-11,Colorado Springs,Manitou Springs,Manitou Springs,Colorado,80829,United States,mid_size_city,https://www.airbnb.com/rooms/22549804,https://a0.muscache.com/im/pictures/miso/Hosting-22549804/original/cfcd4d30-ac4f-4056-aca8-f7e2490fe792.jpeg,22549804,,38.8596,-104.9015,=AVERAGE($G$2:$G$98),=AVERAGE($D$2:$D$98),"=IFERROR(($AT26-G26)/$AT26,0)","=IFERROR(($AU26-D26)/$AU26,0)",=$AU26-D26
"Mountain Retreat~Quiet, Walk to Garden of Gods!",304915213,,50385,51073,212.59,65.65,361,2,2,4,true,false,false,true,true,false,false,Home/Apartment,House,House/villa,4.95,191,3,1,Luxury,true,101,false,237,61,2026-05-17,Colorado Springs,Manitou Springs,Colorado Springs,Colorado,80904,United States,mid_size_city,https://www.airbnb.com/rooms/39674324,https://a0.muscache.com/im/pictures/hosting/Hosting-U3RheVN1cHBseUxpc3Rpbmc6Mzk2NzQzMjQ=/original/7c178cc7-88d6-4e27-836b-428e3e4dcfd1.jpeg,39674324,,38.86076,-104.88639,=AVERAGE($G$2:$G$98),=AVERAGE($D$2:$D$98),"=IFERROR(($AT27-G27)/$AT27,0)","=IFERROR(($AU27-D27)/$AU27,0)",=$AU27-D27
Cozy Cottage with Hot Tub: Walk Downtown,6586902,,47913,49653,213.9,63.64,352,1,1,2,true,false,true,false,true,false,false,Home/Apartment,Guest house,House/villa,4.9,655,3,6-20,Luxury,true,115,true,224,85,2026-05-17,Colorado Springs,Manitou Springs,Manitou Springs,Colorado,80829,United States,mid_size_city,https://www.airbnb.com/rooms/8650604,https://a0.muscache.com/im/pictures/hosting/Hosting-U3RheVN1cHBseUxpc3Rpbmc6ODY1MDYwNA%3D%3D/original/e21a5c20-fd06-4f36-b854-96ae5afc997f.jpeg,8650604,777588,38.85734,-104.91701,=AVERAGE($G$2:$G$98),=AVERAGE($D$2:$D$98),"=IFERROR(($AT28-G28)/$AT28,0)","=IFERROR(($AU28-D28)/$AU28,0)",=$AU28-D28
1BR Quiet Neighborhood & Nearby Parks,"Hoste, LLC",,46400,47200,213.82,60.96,356,1,1,4,true,false,false,true,true,true,false,Home/Apartment,House,House/villa,4.85,196,3,21+,Luxury,true,184,true,217,54,2026-05-11,Colorado Springs,Manitou Springs,Manitou Springs,Colorado,80829,United States,mid_size_city,https://www.airbnb.com/rooms/49505086,https://a0.muscache.com/im/pictures/prohost-api/Hosting-49505086/original/a6ba5ff7-77a4-48f5-a227-7286d57d70a2.jpeg,49505086,9567778ha,38.8567,-104.9181,=AVERAGE($G$2:$G$98),=AVERAGE($D$2:$D$98),"=IFERROR(($AT29-G29)/$AT29,0)","=IFERROR(($AU29-D29)/$AU29,0)",=$AU29-D29
Mountain View Manitou,520544131,,45689,51897,400.78,43.35,342,3,3,9,true,false,false,true,false,false,false,Home/Apartment,House,House/villa,4.95,23,1,1,Luxury,true,298,false,114,37,2026-05-16,Colorado Springs,Manitou Springs,Manitou Springs,Colorado,80829,United States,mid_size_city,https://www.airbnb.com/rooms/1380475710719952615,https://a0.muscache.com/im/pictures/miso/Hosting-1380475710719952615/original/fd0f35ef-adbd-44d4-93f8-1eac15da7f40.jpeg,1380475710719952615,,38.8590685332,-104.9202308601,=AVERAGE($G$2:$G$98),=AVERAGE($D$2:$D$98),"=IFERROR(($AT30-G30)/$AT30,0)","=IFERROR(($AU30-D30)/$AU30,0)",=$AU30-D30
The Fleur de Lis Room,SunMountain Center,,44874,45778,182.41,75.46,328,1,1,2,true,false,false,false,true,false,false,Private Room,Farm stay,Unique,4.9,98,2,6-20,Luxury,true,2,true,246,57,2026-05-12,Colorado Springs,Manitou Springs,Manitou Springs,Colorado,80829,United States,mid_size_city,https://www.airbnb.com/rooms/19822697,https://a0.muscache.com/im/pictures/miso/Hosting-19822697/original/334f46b6-b50b-45e6-b720-4c12089deec7.jpeg,19822697,,38.8596,-104.9008,=AVERAGE($G$2:$G$98),=AVERAGE($D$2:$D$98),"=IFERROR(($AT31-G31)/$AT31,0)","=IFERROR(($AU31-D31)/$AU31,0)",=$AU31-D31
The Library Room,SunMountain Center,,43575,44620,173.61,76.99,326,1,1,2,true,false,false,false,true,false,false,Private Room,Farm stay,Unique,4.95,130,2,6-20,Luxury,true,2,true,251,58,2026-05-13,Colorado Springs,Manitou Springs,Manitou Springs,Colorado,80829,United States,mid_size_city,https://www.airbnb.com/rooms/22549802,https://a0.muscache.com/im/pictures/miso/Hosting-22549802/original/33ea8c78-fae7-4a02-a94b-bbf0c7b07f88.jpeg,22549802,,38.8596,-104.9015,=AVERAGE($G$2:$G$98),=AVERAGE($D$2:$D$98),"=IFERROR(($AT32-G32)/$AT32,0)","=IFERROR(($AU32-D32)/$AU32,0)",=$AU32-D32
The El Ocaso Room,SunMountain Center,,43523,44375,174.09,76.22,328,1,1,2,true,false,false,false,true,false,false,Private Room,Farm stay,Unique,4.95,91,2,6-20,Luxury,true,2,true,250,59,2026-05-11,Colorado Springs,Manitou Springs,Manitou Springs,Colorado,80829,United States,mid_size_city,https://www.airbnb.com/rooms/22549805,https://a0.muscache.com/im/pictures/634e24cc-77e4-4220-be0d-8e5b89f6c41d.jpg,22549805,,38.8596,-104.9015,=AVERAGE($G$2:$G$98),=AVERAGE($D$2:$D$98),"=IFERROR(($AT33-G33)/$AT33,0)","=IFERROR(($AU33-D33)/$AU33,0)",=$AU33-D33
Heart Of Manitou Springs - 2min to Restaurants!,"Hoste, LLC",,43064,43356,251.84,61.29,279,2,1,6,true,false,true,true,true,true,false,Home/Apartment,House,House/villa,4.5,362,3,21+,Luxury,true,208,true,171,51,2026-03-01,Colorado Springs,Manitou Springs,Manitou Springs,Colorado,80829,United States,mid_size_city,https://www.airbnb.com/rooms/23271937,https://a0.muscache.com/im/pictures/prohost-api/Hosting-23271937/original/f787fc60-8dec-4b01-a3db-35edd29adb13.jpeg,23271937,7292332ha,38.8622,-104.9174,=AVERAGE($G$2:$G$98),=AVERAGE($D$2:$D$98),"=IFERROR(($AT34-G34)/$AT34,0)","=IFERROR(($AU34-D34)/$AU34,0)",=$AU34-D34
"Creekside Home w/ Patio, Walk to Manitou Incline!",Evolve,,41941,42007,187.24,61.54,364,1,1,4,true,false,false,true,true,false,false,Home/Apartment,House,House/villa,4.8,253,2,21+,Luxury,false,129,true,224,59,2026-05-17,Colorado Springs,Manitou Springs,Manitou Springs,Colorado,80829,United States,mid_size_city,https://www.airbnb.com/rooms/44243806,https://a0.muscache.com/im/pictures/prohost-api/Hosting-44243806/original/ce560bae-25a1-4d08-878f-6b21a6358cc3.jpeg,44243806,9480070ha,38.8611,-104.9207,=AVERAGE($G$2:$G$98),=AVERAGE($D$2:$D$98),"=IFERROR(($AT35-G35)/$AT35,0)","=IFERROR(($AU35-D35)/$AU35,0)",=$AU35-D35
Skylight Loft in the Center of Manitou Springs!,94539031,,41769,42032,198.9,61.4,363,1,1,5,true,true,false,true,true,false,false,Home/Apartment,Condominium (condo),Apt/Condo/Loft,4.9,240,2,2-5,Luxury,false,100,true,210,51,2021-08-20,Colorado Springs,Manitou Springs,Manitou Springs,Colorado,80829,United States,mid_size_city,https://www.airbnb.com/rooms/40000036,https://a0.muscache.com/im/pictures/d8c8e09d-df8b-4208-b99c-3f262c96083c.jpg?aki_policy=x_large,40000036,1014968,38.86036,-104.91759,=AVERAGE($G$2:$G$98),=AVERAGE($D$2:$D$98),"=IFERROR(($AT36-G36)/$AT36,0)","=IFERROR(($AU36-D36)/$AU36,0)",=$AU36-D36
Manitou Springs Yurt,39051920,,40212,45061,199.07,75.66,289,1,1,2,true,false,false,true,true,false,false,Home/Apartment,Yurt,Unique,5,154,2,1,Luxury,true,0,true,202,43,2026-05-11,Colorado Springs,Manitou Springs,Manitou Springs,Colorado,80829,United States,mid_size_city,https://www.airbnb.com/rooms/40057259,https://a0.muscache.com/im/pictures/hosting/Hosting-U3RheVN1cHBseUxpc3Rpbmc6NDAwNTcyNTk%3D/original/9f485e5f-785b-412e-8482-a3dd6bbf0176.jpeg,40057259,,38.85455,-104.91817,=AVERAGE($G$2:$G$98),=AVERAGE($D$2:$D$98),"=IFERROR(($AT37-G37)/$AT37,0)","=IFERROR(($AU37-D37)/$AU37,0)",=$AU37-D37
The L'Abri Room,SunMountain Center,,39120,40008,163,73.62,326,1,1,2,true,false,false,false,true,false,false,Private Room,Farm stay,Unique,4.95,65,2,6-20,Luxury,true,3,true,240,55,2026-05-11,Colorado Springs,Manitou Springs,Manitou Springs,Colorado,80829,United States,mid_size_city,https://www.airbnb.com/rooms/22549801,https://a0.muscache.com/im/pictures/miso/Hosting-22549801/original/615d4f77-258b-45d6-90a8-3ef987289917.jpeg,22549801,,38.8596,-104.9015,=AVERAGE($G$2:$G$98),=AVERAGE($D$2:$D$98),"=IFERROR(($AT38-G38)/$AT38,0)","=IFERROR(($AU38-D38)/$AU38,0)",=$AU38-D38
Downtown Manitou Springs Home: Tranquil Creek View,Evolve,,39112,49533,320.59,49,318,3,2,6,true,true,false,true,true,false,false,Home/Apartment,Condominium (condo),Apt/Condo/Loft,4.7,126,3,21+,Luxury,false,0,true,122,28,2026-05-11,Colorado Springs,Manitou Springs,Manitou Springs,Colorado,80829,United States,mid_size_city,https://www.airbnb.com/rooms/18327661,https://a0.muscache.com/im/pictures/prohost-api/Hosting-18327661/original/9836d387-a958-4658-aadd-f02fbb49fdf2.jpeg,18327661,4077804ha,38.8585,-104.9169,=AVERAGE($G$2:$G$98),=AVERAGE($D$2:$D$98),"=IFERROR(($AT39-G39)/$AT39,0)","=IFERROR(($AU39-D39)/$AU39,0)",=$AU39-D39
Tree Retreat & Soaking Tub by Garden of the Gods,232814868,,38519,41680,175.09,64.9,340,1,1,4,true,false,false,true,true,false,false,Home/Apartment,House,House/villa,4.95,307,1,2-5,Luxury,true,87,false,220,75,2026-05-11,Colorado Springs,Manitou Springs,Manitou Springs,Colorado,80829,United States,mid_size_city,https://www.airbnb.com/rooms/45712592,https://a0.muscache.com/im/pictures/miso/Hosting-45712592/original/c2283f93-7f5e-4ae2-94f1-b1f649214392.jpeg,45712592,,38.85995,-104.89034,=AVERAGE($G$2:$G$98),=AVERAGE($D$2:$D$98),"=IFERROR(($AT40-G40)/$AT40,0)","=IFERROR(($AU40-D40)/$AU40,0)",=$AU40-D40
Heart of Manitou Springs.  1st Floor apartment.,175336607,,38208,39155,335.16,33.93,358,2,2,5,true,false,false,true,true,false,false,Home/Apartment,Apartment,Apt/Condo/Loft,5,262,1,2-5,Luxury,true,100,false,114,45,2026-05-13,Colorado Springs,Manitou Springs,Manitou Springs,Colorado,80829,United States,mid_size_city,https://www.airbnb.com/rooms/24106226,https://a0.muscache.com/im/pictures/15fd85dd-500d-4684-9e70-6cb1550a6404.jpg,24106226,696207,38.86067,-104.91922,=AVERAGE($G$2:$G$98),=AVERAGE($D$2:$D$98),"=IFERROR(($AT41-G41)/$AT41,0)","=IFERROR(($AU41-D41)/$AU41,0)",=$AU41-D41
4 Bedrm Home w/Seasonal Pool in Manitou Springs,54484981,,37684,53017,465.23,41.75,297,4,2,10,true,false,true,true,true,false,true,Home/Apartment,House,House/villa,5,2,3,6-20,Luxury,true,0,false,81,18,2026-05-16,Colorado Springs,Manitou Springs,Manitou Springs,Colorado,80829,United States,mid_size_city,https://www.airbnb.com/rooms/1250008581645007284,https://a0.muscache.com/im/pictures/hosting/Hosting-U3RheVN1cHBseUxpc3Rpbmc6MTI1MDAwODU4MTY0NTAwNzI4NA==/original/2f9ef66b-c2d1-4373-bb6b-46df6b16b2f4.jpeg,1250008581645007284,,38.85446,-104.89311,=AVERAGE($G$2:$G$98),=AVERAGE($D$2:$D$98),"=IFERROR(($AT42-G42)/$AT42,0)","=IFERROR(($AU42-D42)/$AU42,0)",=$AU42-D42
Timber Lodge #32,Timber Lodge Cabins,,37601,38376,259.32,44.07,357,3,1,7,true,false,false,false,true,false,true,Home/Apartment,Cabin,House/villa,4.75,26,1,21+,Luxury,false,0,true,145,81,2026-05-13,Colorado Springs,Manitou Springs,Colorado Springs,Colorado,80904,United States,mid_size_city,https://www.airbnb.com/rooms/1427226828368467578,https://a0.muscache.com/im/pictures/prohost-api/Hosting-1427226828368467578/original/d437fee7-b5aa-4313-8ad9-d66ba7b3005b.jpeg,1427226828368467578,4606180,38.8565820834,-104.8849712114,=AVERAGE($G$2:$G$98),=AVERAGE($D$2:$D$98),"=IFERROR(($AT43-G43)/$AT43,0)","=IFERROR(($AU43-D43)/$AU43,0)",=$AU43-D43
"Love Shack: Walk to Incline, Cog, Downtown",16021139,,37367,38354,200.9,52.39,355,,1,2,true,false,false,true,true,false,false,Home/Apartment,Cottage,House/villa,4.95,147,3,1,Luxury,true,108,false,186,64,2026-05-10,Colorado Springs,Manitou Springs,Manitou Springs,Colorado,80829,United States,mid_size_city,https://www.airbnb.com/rooms/14782349,https://a0.muscache.com/im/pictures/miso/Hosting-14782349/original/1bacd38f-1f0f-4afc-88a2-5cae04f27560.jpeg,14782349,3614965,38.85984,-104.9202,=AVERAGE($G$2:$G$98),=AVERAGE($D$2:$D$98),"=IFERROR(($AT44-G44)/$AT44,0)","=IFERROR(($AU44-D44)/$AU44,0)",=$AU44-D44
Keithley Pines Bristlecone Cabin,7558891,,37357,38382,184.02,57.02,356,1,1,3,true,false,false,true,true,true,false,Home/Apartment,Cabin,House/villa,4.95,752,2,2-5,Luxury,true,50,false,203,68,2026-05-17,Colorado Springs,Manitou Springs,Manitou Springs,Colorado,80829,United States,mid_size_city,https://www.airbnb.com/rooms/1399509,https://a0.muscache.com/im/pictures/c2920179-674a-473a-a281-81b896ebd315.jpg,1399509,,38.85494,-104.89538,=AVERAGE($G$2:$G$98),=AVERAGE($D$2:$D$98),"=IFERROR(($AT45-G45)/$AT45,0)","=IFERROR(($AU45-D45)/$AU45,0)",=$AU45-D45
Heart of Manitou Springs. 2nd Floor West apartment,175336607,,36450,37379,229.25,44.79,355,1,1,3,true,false,false,true,true,false,false,Home/Apartment,Apartment,Apt/Condo/Loft,5,435,1,2-5,Luxury,true,68,true,159,58,2026-05-11,Colorado Springs,Manitou Springs,Manitou Springs,Colorado,80829,United States,mid_size_city,https://www.airbnb.com/rooms/24041541,https://a0.muscache.com/im/pictures/78bdc7b4-dcd7-4c5e-85e7-d9fd023d9f4d.jpg,24041541,1074905,38.8591,-104.92034,=AVERAGE($G$2:$G$98),=AVERAGE($D$2:$D$98),"=IFERROR(($AT46-G46)/$AT46,0)","=IFERROR(($AU46-D46)/$AU46,0)",=$AU46-D46
Keithley Pines Silver Spruce Cabin,7558891,,34741,35382,217.13,44.57,359,2,1,4,true,false,false,true,true,true,false,Home/Apartment,Cabin,House/villa,4.9,436,1,2-5,Luxury,true,69,false,160,57,2026-05-16,Colorado Springs,Manitou Springs,Manitou Springs,Colorado,80829,United States,mid_size_city,https://www.airbnb.com/rooms/5862890,https://a0.muscache.com/im/pictures/83190985/51d45908_original.jpg,5862890,,38.85414,-104.89501,=AVERAGE($G$2:$G$98),=AVERAGE($D$2:$D$98),"=IFERROR(($AT47-G47)/$AT47,0)","=IFERROR(($AU47-D47)/$AU47,0)",=$AU47-D47
Heart of Manitou Springs. 2nd Floor East apartment,175336607,,33317,33680,220.64,43.77,360,1,1,3,true,false,false,true,true,false,false,Home/Apartment,Apartment,Apt/Condo/Loft,4.95,406,1,2-5,Luxury,true,71,false,151,51,2026-05-13,Colorado Springs,Manitou Springs,Manitou Springs,Colorado,80829,United States,mid_size_city,https://www.airbnb.com/rooms/23811276,https://a0.muscache.com/im/pictures/d53301d9-0f40-40a2-bf6b-0ef78e511b60.jpg,23811276,1074904,38.86097,-104.92002,=AVERAGE($G$2:$G$98),=AVERAGE($D$2:$D$98),"=IFERROR(($AT48-G48)/$AT48,0)","=IFERROR(($AU48-D48)/$AU48,0)",=$AU48-D48
Breathtaking views of the Front Range & Pikes Peak,139190580,,32882,36447,254.9,38.62,334,2,1,4,true,false,false,true,true,false,false,Home/Apartment,Condominium (condo),Apt/Condo/Loft,5,353,1,2-5,Luxury,true,89,false,129,44,2026-05-13,Colorado Springs,Manitou Springs,Colorado Springs,Colorado,80904,United States,mid_size_city,https://www.airbnb.com/rooms/23305018,https://a0.muscache.com/im/pictures/miso/Hosting-23305018/original/3f334144-c386-4f37-a280-21bf549055b0.jpeg,23305018,,38.8591,-104.8846,=AVERAGE($G$2:$G$98),=AVERAGE($D$2:$D$98),"=IFERROR(($AT49-G49)/$AT49,0)","=IFERROR(($AU49-D49)/$AU49,0)",=$AU49-D49
"Walk to Garden of Gods, Spacious 1 Bdrm., Hot tub",225471373,,32429,32558,175.29,54.25,364,1,1,3,true,false,false,true,true,true,false,Home/Apartment,House,House/villa,4.9,398,2,1,Luxury,false,24,false,185,55,2026-05-11,Colorado Springs,Manitou Springs,Colorado Springs,Colorado,80904,United States,mid_size_city,https://www.airbnb.com/rooms/31825823,https://a0.muscache.com/im/pictures/96c704e8-ccb6-447f-b8f6-b81a8abe2f08.jpg,31825823,634521,38.86475,-104.88491,=AVERAGE($G$2:$G$98),=AVERAGE($D$2:$D$98),"=IFERROR(($AT50-G50)/$AT50,0)","=IFERROR(($AU50-D50)/$AU50,0)",=$AU50-D50
Downtown Manitou Artist's Glen,267987743,,32211,33529,175.06,54.28,353,1,1,3,true,false,false,true,true,false,false,Home/Apartment,Guest suite,House/villa,4.95,52,1,2-5,Luxury,true,50,true,184,67,2026-05-13,Colorado Springs,Manitou Springs,Manitou Springs,Colorado,80829,United States,mid_size_city,https://www.airbnb.com/rooms/1363326004338346377,https://a0.muscache.com/im/pictures/miso/Hosting-1363326004338346377/original/c9e19350-6a96-4915-9217-8ee9bfab407f.jpeg,1363326004338346377,,38.8579,-104.9177,=AVERAGE($G$2:$G$98),=AVERAGE($D$2:$D$98),"=IFERROR(($AT51-G51)/$AT51,0)","=IFERROR(($AU51-D51)/$AU51,0)",=$AU51-D51
Manitou Cottage House 3bd/2bath,337322390,,31561,38696,332.22,41.67,329,3,2,9,true,false,false,true,true,false,false,Home/Apartment,House,House/villa,4.8,28,2,2-5,Luxury,true,150,false,95,24,2026-05-13,Colorado Springs,Manitou Springs,Manitou Springs,Colorado,80829,United States,mid_size_city,https://www.airbnb.com/rooms/973868077776612616,https://a0.muscache.com/im/pictures/hosting/Hosting-973868077776612616/original/ff8de66d-7513-4c72-845d-adb0928f0162.jpeg,973868077776612616,,38.85323,-104.89284,=AVERAGE($G$2:$G$98),=AVERAGE($D$2:$D$98),"=IFERROR(($AT52-G52)/$AT52,0)","=IFERROR(($AU52-D52)/$AU52,0)",=$AU52-D52
DEER CREEK RETREATcreeksideMANITOU SPRINGS HOME,281024580,,30061,30898,337.76,34.5,358,3,3,8,true,false,false,true,true,false,false,Home/Apartment,House,House/villa,4.95,127,3,2-5,Luxury,false,185,false,89,17,2026-05-13,Colorado Springs,Manitou Springs,Manitou Springs,Colorado,80829,United States,mid_size_city,https://www.airbnb.com/rooms/37327742,https://a0.muscache.com/im/pictures/dd1b5ac3-e961-4237-b51a-939c77cf1c54.jpg,37327742,,38.84897,-104.89669,=AVERAGE($G$2:$G$98),=AVERAGE($D$2:$D$98),"=IFERROR(($AT53-G53)/$AT53,0)","=IFERROR(($AU53-D53)/$AU53,0)",=$AU53-D53
1 min walk to Garden of the Gods,566206132,,27245,45212,223.32,57.55,237,3,2,6,true,false,false,true,true,true,false,Home/Apartment,House,House/villa,4.95,18,2,2-5,Luxury,true,179,false,122,30,2026-05-14,Colorado Springs,Manitou Springs,Colorado Springs,Colorado,80904,United States,mid_size_city,https://www.airbnb.com/rooms/1411804414705859854,https://a0.muscache.com/im/pictures/miso/Hosting-1411804414705859854/original/d26b028d-f39e-41a8-887b-ceb09cc8ca80.png,1411804414705859854,,38.8665011777,-104.8852082564,=AVERAGE($G$2:$G$98),=AVERAGE($D$2:$D$98),"=IFERROR(($AT54-G54)/$AT54,0)","=IFERROR(($AU54-D54)/$AU54,0)",=$AU54-D54
Timber Lodge #1,Timber Lodge Cabins,,25521,29288,137.95,64.46,315,1,1,5,true,false,false,true,true,true,true,Home/Apartment,Cabin,House/villa,4.85,53,1,21+,Luxury,false,0,true,185,92,2026-05-16,Colorado Springs,Manitou Springs,Colorado Springs,Colorado,80904,United States,mid_size_city,https://www.airbnb.com/rooms/1427224790912855512,https://a0.muscache.com/im/pictures/prohost-api/Hosting-1427224790912855512/original/2f9d9540-fade-4bcd-8122-f62b8397de61.jpeg,1427224790912855512,4605868,38.8569060574,-104.8828430625,=AVERAGE($G$2:$G$98),=AVERAGE($D$2:$D$98),"=IFERROR(($AT55-G55)/$AT55,0)","=IFERROR(($AU55-D55)/$AU55,0)",=$AU55-D55
Cottage on the Cliff,44793837,,25005,33324,168.95,78.31,189,1,1,2,false,false,false,true,true,false,false,Home/Apartment,House,House/villa,5,5,2,2-5,Luxury,false,2,true,148,11,2026-01-20,Colorado Springs,Manitou Springs,Manitou Springs,Colorado,80829,United States,mid_size_city,https://www.airbnb.com/rooms/1286979441446118971,https://a0.muscache.com/im/pictures/miso/Hosting-1286979441446118971/original/6c9ba195-d79c-4c87-8a64-eebe7eb901e8.jpeg,1286979441446118971,,38.8609360771,-104.9212632166,=AVERAGE($G$2:$G$98),=AVERAGE($D$2:$D$98),"=IFERROR(($AT56-G56)/$AT56,0)","=IFERROR(($AU56-D56)/$AU56,0)",=$AU56-D56
Studio Cottage with Kitchen,54484981,,24865,25651,150.7,52.88,357,,1,5,true,false,true,true,true,false,true,Home/Apartment,Cabin,House/villa,5,1,2,6-20,Luxury,true,0,true,165,45,2026-05-13,Colorado Springs,Manitou Springs,Manitou Springs,Colorado,80829,United States,mid_size_city,https://www.airbnb.com/rooms/1364481087113036192,https://a0.muscache.com/im/pictures/hosting/Hosting-U3RheVN1cHBseUxpc3Rpbmc6MTM2NDQ4MTA4NzExMzAzNjE5Mg==/original/97da1f44-d589-4899-91ea-2a9d307cff50.jpeg,1364481087113036192,,38.8553664889,-104.8943390719,=AVERAGE($G$2:$G$98),=AVERAGE($D$2:$D$98),"=IFERROR(($AT57-G57)/$AT57,0)","=IFERROR(($AU57-D57)/$AU57,0)",=$AU57-D57
1 Bedroom Cottage with Kitchen,54484981,,23184,26256,174.32,52.36,331,1,1,4,true,false,true,true,true,false,true,Home/Apartment,Cabin,House/villa,5,2,2,6-20,Luxury,true,0,false,133,37,2026-05-13,Colorado Springs,Manitou Springs,Manitou Springs,Colorado,80829,United States,mid_size_city,https://www.airbnb.com/rooms/1304448886508834859,https://a0.muscache.com/im/pictures/hosting/Hosting-U3RheVN1cHBseUxpc3Rpbmc6MTMwNDQ0ODg4NjUwODgzNDg1OQ%3D%3D/original/618a8a09-4aa1-489d-b7ac-31c8274244d6.jpeg,1304448886508834859,,38.8555,-104.8938,=AVERAGE($G$2:$G$98),=AVERAGE($D$2:$D$98),"=IFERROR(($AT58-G58)/$AT58,0)","=IFERROR(($AU58-D58)/$AU58,0)",=$AU58-D58
Mountain Retreat w/ Views • Hikes • Office 30+days,548974008,,21731,33417,123.47,89.34,251,2,2,4,true,false,false,true,true,true,false,Home/Apartment,House,House/villa,5,8,30,1,Luxury,true,200,false,176,5,2026-05-14,Colorado Springs,Manitou Springs,Manitou Springs,Colorado,80829,United States,mid_size_city,https://www.airbnb.com/rooms/1036874137857317005,https://a0.muscache.com/im/pictures/miso/Hosting-1036874137857317005/original/0f7f130a-b810-4655-9d77-8bbeaf960c35.jpeg,1036874137857317005,,38.85435,-104.91087,=AVERAGE($G$2:$G$98),=AVERAGE($D$2:$D$98),"=IFERROR(($AT59-G59)/$AT59,0)","=IFERROR(($AU59-D59)/$AU59,0)",=$AU59-D59
Bippy's Bed & Breakfast,31292057,,21261,21417,210.5,33.33,364,2,1,5,true,false,false,true,true,false,false,Home/Apartment,House,House/villa,4.9,57,2,1,Luxury,true,82,true,101,30,2026-05-16,Colorado Springs,Manitou Springs,Manitou Springs,Colorado,80829,United States,mid_size_city,https://www.airbnb.com/rooms/842755019212527105,https://a0.muscache.com/im/pictures/b6282615-3d69-45b2-878c-839ac3cfd835.jpg,842755019212527105,3452269,38.8557,-104.9089,=AVERAGE($G$2:$G$98),=AVERAGE($D$2:$D$98),"=IFERROR(($AT60-G60)/$AT60,0)","=IFERROR(($AU60-D60)/$AU60,0)",=$AU60-D60
"Award-Winning Restoration 1 Block to Downtown Manitou, Deck & Fireplaces",,,21145,28918,271.09,35.14,320,2,2,4,true,false,false,true,true,true,false,Home/Apartment,Condominium (condo),Apt/Condo/Loft,4.9,10,7,1,Luxury,false,249,true,78,10,2026-05-17,Colorado Springs,Manitou Springs,Manitou Springs,Colorado,80829,United States,mid_size_city,https://www.vrbo.com/3945642,https://media.vrbo.com/lodging/104000000/103950000/103949100/103949001/dcc85f42.jpg?impolicy=resizecrop&rw=1200&ra=fit,,3945642,38.86027,-104.917812,=AVERAGE($G$2:$G$98),=AVERAGE($D$2:$D$98),"=IFERROR(($AT61-G61)/$AT61,0)","=IFERROR(($AU61-D61)/$AU61,0)",=$AU61-D61
Timber Lodge #8,Timber Lodge Cabins,,21062,21444,139.48,45.76,360,1,1,4,true,false,false,false,true,true,true,Home/Apartment,Cabin,House/villa,4.8,24,1,21+,Luxury,false,0,true,151,81,2026-05-17,Colorado Springs,Manitou Springs,Colorado Springs,Colorado,80904,United States,mid_size_city,https://www.airbnb.com/rooms/1427227217822323258,https://a0.muscache.com/im/pictures/prohost-api/Hosting-1427227217822323258/original/8e59c490-286a-4f05-be03-a95a0a325814.jpeg,1427227217822323258,4606160,38.8555421262,-104.8845893103,=AVERAGE($G$2:$G$98),=AVERAGE($D$2:$D$98),"=IFERROR(($AT62-G62)/$AT62,0)","=IFERROR(($AU62-D62)/$AU62,0)",=$AU62-D62
2 Bedroom Cottage with Kitchen on 3 acres,54484981,,19978,25771,224.47,41.4,318,2,1,5,true,false,true,true,true,false,true,Home/Apartment,Cabin,House/villa,5,11,2,6-20,Luxury,true,2,false,89,27,2026-05-13,Colorado Springs,Manitou Springs,Manitou Springs,Colorado,80829,United States,mid_size_city,https://www.airbnb.com/rooms/1258826170420446499,https://a0.muscache.com/im/pictures/hosting/Hosting-U3RheVN1cHBseUxpc3Rpbmc6MTI1ODgyNjE3MDQyMDQ0NjQ5OQ%3D%3D/original/4169a2a2-5f8a-4bcd-a609-a7d287412889.jpeg,1258826170420446499,,38.8552,-104.894,=AVERAGE($G$2:$G$98),=AVERAGE($D$2:$D$98),"=IFERROR(($AT63-G63)/$AT63,0)","=IFERROR(($AU63-D63)/$AU63,0)",=$AU63-D63
Stunning views of the Mountain Range & Pikes Peak,139190580,,19781,21818,278.61,58.2,138,2,1,4,true,false,false,true,true,false,false,Home/Apartment,Condominium (condo),Apt/Condo/Loft,4.95,81,1,2-5,Luxury,true,92,false,71,21,2026-02-24,Colorado Springs,Manitou Springs,Colorado Springs,Colorado,80904,United States,mid_size_city,https://www.airbnb.com/rooms/54353335,https://a0.muscache.com/im/pictures/miso/Hosting-54353335/original/0abe0fb3-b341-48d3-add3-cbaf7907cf74.jpeg,54353335,,38.8591,-104.8846,=AVERAGE($G$2:$G$98),=AVERAGE($D$2:$D$98),"=IFERROR(($AT64-G64)/$AT64,0)","=IFERROR(($AU64-D64)/$AU64,0)",=$AU64-D64
Timber Lodge #22,Timber Lodge Cabins,,19734,20993,138.97,44.51,347,1,1,2,true,false,false,false,true,true,true,Home/Apartment,Cabin,House/villa,4.9,33,1,21+,Luxury,false,0,true,142,78,2026-05-17,Colorado Springs,Manitou Springs,Colorado Springs,Colorado,80904,United States,mid_size_city,https://www.airbnb.com/rooms/1427225976488622312,https://a0.muscache.com/im/pictures/prohost-api/Hosting-1427225976488622312/original/350fbf82-0411-40ca-aee1-60e077c55e75.jpeg,1427225976488622312,4606185,38.8561057351,-104.8840958436,=AVERAGE($G$2:$G$98),=AVERAGE($D$2:$D$98),"=IFERROR(($AT65-G65)/$AT65,0)","=IFERROR(($AU65-D65)/$AU65,0)",=$AU65-D65
Timber Lodge #26,Timber Lodge Cabins,,19639,21157,135.44,45.74,345,1,1,4,true,false,false,false,true,true,true,Home/Apartment,Cabin,House/villa,4.7,10,1,21+,Luxury,false,0,true,145,68,2026-05-16,Colorado Springs,Manitou Springs,Colorado Springs,Colorado,80904,United States,mid_size_city,https://www.airbnb.com/rooms/1427226262382260491,https://a0.muscache.com/im/pictures/prohost-api/Hosting-1427226262382260491/original/0a01ba4c-5ef4-4779-b5eb-dc685f19baed.jpeg,1427226262382260491,4606173,38.8554453841,-104.8843764725,=AVERAGE($G$2:$G$98),=AVERAGE($D$2:$D$98),"=IFERROR(($AT66-G66)/$AT66,0)","=IFERROR(($AU66-D66)/$AU66,0)",=$AU66-D66
"CREEKSIDE RETREAT NEAR WOODLAND PARK, MOUNTAIN VIEWS , PIKE NATIONAL FOREST ",,,19096,20056,323.66,31.89,356,3,1,6,false,false,false,true,true,true,false,Home/Apartment,House,House/villa,4.7,20,7,1,Luxury,false,247,true,59,9,2026-05-17,Colorado Springs,Manitou Springs,Manitou Springs,Colorado,80829,United States,mid_size_city,https://www.vrbo.com/1057857,https://media.vrbo.com/lodging/20000000/19320000/19319800/19319800/481d2638.jpg?impolicy=resizecrop&rw=1200&ra=fit,,1057857,38.85866,-104.91312,=AVERAGE($G$2:$G$98),=AVERAGE($D$2:$D$98),"=IFERROR(($AT67-G67)/$AT67,0)","=IFERROR(($AU67-D67)/$AU67,0)",=$AU67-D67
Timber Lodge #30,Timber Lodge Cabins,,19043,19375,130.43,44.38,362,1,1,4,true,false,false,false,true,true,true,Home/Apartment,Cabin,House/villa,4.7,17,1,21+,Luxury,false,0,true,146,54,2026-05-13,Colorado Springs,Manitou Springs,Colorado Springs,Colorado,80904,United States,mid_size_city,https://www.airbnb.com/rooms/1427226653643251155,https://a0.muscache.com/im/pictures/prohost-api/Hosting-1427226653643251155/original/d279102b-6116-4a10-b75d-fdfa5943dc30.jpeg,1427226653643251155,4606178,38.8569758264,-104.8833590535,=AVERAGE($G$2:$G$98),=AVERAGE($D$2:$D$98),"=IFERROR(($AT68-G68)/$AT68,0)","=IFERROR(($AU68-D68)/$AU68,0)",=$AU68-D68
Timber Lodge #27,Timber Lodge Cabins,,18461,18935,131.86,42.81,355,1,1,4,true,false,false,false,true,true,true,Home/Apartment,Cabin,House/villa,4.45,7,1,21+,Luxury,false,0,true,140,51,2026-05-17,Colorado Springs,Manitou Springs,Colorado Springs,Colorado,80904,United States,mid_size_city,https://www.airbnb.com/rooms/1427226333993741980,https://a0.muscache.com/im/pictures/prohost-api/Hosting-1427226333993741980/original/2c1a8d14-a6a1-4f3c-8b7a-d9451749a9c2.jpeg,1427226333993741980,4606174,38.8569383295,-104.8828466508,=AVERAGE($G$2:$G$98),=AVERAGE($D$2:$D$98),"=IFERROR(($AT69-G69)/$AT69,0)","=IFERROR(($AU69-D69)/$AU69,0)",=$AU69-D69
Timber Lodge #4,Timber Lodge Cabins,,17871,20619,135.39,43.85,329,1,1,2,true,false,false,false,true,false,true,Home/Apartment,Cabin,House/villa,4.45,39,1,21+,Luxury,false,0,true,132,73,2026-05-16,Colorado Springs,Manitou Springs,Colorado Springs,Colorado,80904,United States,mid_size_city,https://www.airbnb.com/rooms/1427226893261223961,https://a0.muscache.com/im/pictures/prohost-api/Hosting-1427226893261223961/original/24f87213-13cb-47b0-91e7-69a9546ec483.jpeg,1427226893261223961,4606181,38.8567472023,-104.8834255181,=AVERAGE($G$2:$G$98),=AVERAGE($D$2:$D$98),"=IFERROR(($AT70-G70)/$AT70,0)","=IFERROR(($AU70-D70)/$AU70,0)",=$AU70-D70
Timber Lodge #15,Timber Lodge Cabins,,17661,17870,132.79,39.82,362,,1,2,true,false,false,false,true,false,true,Home/Apartment,Cabin,House/villa,4.8,9,1,21+,Luxury,false,0,true,133,74,2026-05-14,Colorado Springs,Manitou Springs,Colorado Springs,Colorado,80904,United States,mid_size_city,https://www.airbnb.com/rooms/1427225333872386545,https://a0.muscache.com/im/pictures/prohost-api/Hosting-1427225333872386545/original/572ab272-703b-43c5-b307-d6a54d1405fa.jpeg,1427225333872386545,4606162,38.8563592128,-104.8840975829,=AVERAGE($G$2:$G$98),=AVERAGE($D$2:$D$98),"=IFERROR(($AT71-G71)/$AT71,0)","=IFERROR(($AU71-D71)/$AU71,0)",=$AU71-D71
Timber Lodge #31,Timber Lodge Cabins,,16702,17251,128.48,40.88,360,1,1,4,true,false,false,false,true,true,true,Home/Apartment,Cabin,House/villa,4.45,9,1,21+,Luxury,false,0,true,130,52,2026-05-13,Colorado Springs,Manitou Springs,Colorado Springs,Colorado,80904,United States,mid_size_city,https://www.airbnb.com/rooms/1427226742271431547,https://a0.muscache.com/im/pictures/prohost-api/Hosting-1427226742271431547/original/421e80f6-c8b2-48e4-bfb5-4f6142bdb331.jpeg,1427226742271431547,4606179,38.8551140438,-104.8827486957,=AVERAGE($G$2:$G$98),=AVERAGE($D$2:$D$98),"=IFERROR(($AT72-G72)/$AT72,0)","=IFERROR(($AU72-D72)/$AU72,0)",=$AU72-D72
Timber Lodge #18,Timber Lodge Cabins,,15610,15761,139.38,34.04,363,1,1,2,true,false,false,false,true,true,true,Home/Apartment,Cabin,House/villa,4.55,13,1,21+,Luxury,false,0,true,112,49,2026-05-14,Colorado Springs,Manitou Springs,Colorado Springs,Colorado,80904,United States,mid_size_city,https://www.airbnb.com/rooms/1427225587008086857,https://a0.muscache.com/im/pictures/prohost-api/Hosting-1427225587008086857/original/fd7f164c-d8cc-44b0-8d3b-7a18deec9828.jpeg,1427225587008086857,4606165,38.85599,-104.88411,=AVERAGE($G$2:$G$98),=AVERAGE($D$2:$D$98),"=IFERROR(($AT73-G73)/$AT73,0)","=IFERROR(($AU73-D73)/$AU73,0)",=$AU73-D73
Timber Lodge #2,Timber Lodge Cabins,,15263,15669,140.03,33.23,356,1,1,2,true,false,false,false,true,true,true,Home/Apartment,Cabin,House/villa,4.8,33,1,21+,Luxury,false,0,true,109,68,2026-05-14,Colorado Springs,Manitou Springs,Colorado Springs,Colorado,80904,United States,mid_size_city,https://www.airbnb.com/rooms/1427225760982555487,https://a0.muscache.com/im/pictures/prohost-api/Hosting-1427225760982555487/original/b5041e98-02c7-4f6b-a39f-8188358b37bc.jpeg,1427225760982555487,4606167,38.8565672437,-104.8850579908,=AVERAGE($G$2:$G$98),=AVERAGE($D$2:$D$98),"=IFERROR(($AT74-G74)/$AT74,0)","=IFERROR(($AU74-D74)/$AU74,0)",=$AU74-D74
Timber Lodge #23,Timber Lodge Cabins,,14782,16066,131.98,35,348,1,1,2,true,false,false,false,true,true,true,Home/Apartment,Cabin,House/villa,4.75,19,1,21+,Luxury,false,0,true,112,49,2026-05-14,Colorado Springs,Manitou Springs,Colorado Springs,Colorado,80904,United States,mid_size_city,https://www.airbnb.com/rooms/1427226088401718210,https://a0.muscache.com/im/pictures/prohost-api/Hosting-1427226088401718210/original/aaa9cb67-0a76-4d2e-80ac-0ad73e01c577.jpeg,1427226088401718210,4606171,38.8566526909,-104.8836601365,=AVERAGE($G$2:$G$98),=AVERAGE($D$2:$D$98),"=IFERROR(($AT75-G75)/$AT75,0)","=IFERROR(($AU75-D75)/$AU75,0)",=$AU75-D75
Timber Lodge #20,Timber Lodge Cabins,,14142,14937,141.42,30.96,355,,1,2,true,false,false,false,true,true,true,Home/Apartment,Cabin,House/villa,4.8,16,1,21+,Luxury,false,0,true,100,47,2026-05-14,Colorado Springs,Manitou Springs,Colorado Springs,Colorado,80904,United States,mid_size_city,https://www.airbnb.com/rooms/1427225834427858442,https://a0.muscache.com/im/pictures/prohost-api/Hosting-1427225834427858442/original/37987d20-29f3-4ad3-a364-a6c33b39a0ac.jpeg,1427225834427858442,4606168,38.8567364408,-104.8848952852,=AVERAGE($G$2:$G$98),=AVERAGE($D$2:$D$98),"=IFERROR(($AT76-G76)/$AT76,0)","=IFERROR(($AU76-D76)/$AU76,0)",=$AU76-D76
Timber Lodge #21,Timber Lodge Cabins,,13393,13600,145.58,27.88,362,1,1,2,true,false,false,false,true,true,true,Home/Apartment,Cabin,House/villa,4.9,8,1,21+,Luxury,false,0,true,92,43,2026-05-13,Colorado Springs,Manitou Springs,Colorado Springs,Colorado,80904,United States,mid_size_city,https://www.airbnb.com/rooms/1427225907760248688,https://a0.muscache.com/im/pictures/prohost-api/Hosting-1427225907760248688/original/ce1ef4c5-3aed-49ee-9b31-4ccb582d4feb.jpeg,1427225907760248688,4606169,38.8563624683,-104.8843406759,=AVERAGE($G$2:$G$98),=AVERAGE($D$2:$D$98),"=IFERROR(($AT77-G77)/$AT77,0)","=IFERROR(($AU77-D77)/$AU77,0)",=$AU77-D77
Newly Built Mountain Escape in Manitou,157367105,,12944,17013,196.12,61.11,311,2,2,4,true,false,false,true,true,false,false,Home/Apartment,House,House/villa,0,0,28,2-5,Luxury,false,0,true,66,2,2026-05-14,Colorado Springs,Manitou Springs,Manitou Springs,Colorado,80829,United States,mid_size_city,https://www.airbnb.com/rooms/1358097605183609367,https://a0.muscache.com/im/pictures/hosting/Hosting-U3RheVN1cHBseUxpc3Rpbmc6MTM1ODA5NzYwNTE4MzYwOTM2Nw==/original/b2524163-611f-4b18-9f80-a60f2e5ed2c2.jpeg,1358097605183609367,,38.8541701222,-104.9008014623,=AVERAGE($G$2:$G$98),=AVERAGE($D$2:$D$98),"=IFERROR(($AT78-G78)/$AT78,0)","=IFERROR(($AU78-D78)/$AU78,0)",=$AU78-D78
Timber Lodge #24,Timber Lodge Cabins,,12059,12076,126.94,29.41,364,1,1,2,true,false,false,false,true,true,true,Home/Apartment,Cabin,House/villa,4.9,13,1,21+,Luxury,false,0,true,95,33,2026-05-14,Colorado Springs,Manitou Springs,Colorado Springs,Colorado,80904,United States,mid_size_city,https://www.airbnb.com/rooms/1427226195298844907,https://a0.muscache.com/im/pictures/prohost-api/Hosting-1427226195298844907/original/0b993ae1-6c4a-4427-a6e0-f0df0dbe34e2.jpeg,1427226195298844907,4606172,38.8569557486,-104.8833896727,=AVERAGE($G$2:$G$98),=AVERAGE($D$2:$D$98),"=IFERROR(($AT79-G79)/$AT79,0)","=IFERROR(($AU79-D79)/$AU79,0)",=$AU79-D79
Timber Lodge #19,Timber Lodge Cabins,,10989,10989,142.71,22.92,365,,1,2,true,false,false,false,true,true,true,Home/Apartment,Cabin,House/villa,4.35,3,1,21+,Luxury,false,0,true,77,36,2026-05-14,Colorado Springs,Manitou Springs,Colorado Springs,Colorado,80904,United States,mid_size_city,https://www.airbnb.com/rooms/1427225655350773624,https://a0.muscache.com/im/pictures/prohost-api/Hosting-1427225655350773624/original/26d7b81d-d61d-4329-bcf1-679fd55f732a.jpeg,1427225655350773624,4606166,38.8560800796,-104.8836222312,=AVERAGE($G$2:$G$98),=AVERAGE($D$2:$D$98),"=IFERROR(($AT80-G80)/$AT80,0)","=IFERROR(($AU80-D80)/$AU80,0)",=$AU80-D80
Timber Lodge #10,Timber Lodge Cabins,,10975,11004,142.53,25.5,364,,1,2,true,false,false,false,true,true,true,Home/Apartment,Cabin,House/villa,4.8,9,1,21+,Luxury,false,0,true,77,27,2026-05-14,Colorado Springs,Manitou Springs,Colorado Springs,Colorado,80904,United States,mid_size_city,https://www.airbnb.com/rooms/1427224888504663742,https://a0.muscache.com/im/pictures/prohost-api/Hosting-1427224888504663742/original/408774da-1a98-4bba-b198-00e2d8c57d4d.jpeg,1427224888504663742,4605869,38.8553403484,-104.8833221198,=AVERAGE($G$2:$G$98),=AVERAGE($D$2:$D$98),"=IFERROR(($AT81-G81)/$AT81,0)","=IFERROR(($AU81-D81)/$AU81,0)",=$AU81-D81
Timber Lodge #11,Timber Lodge Cabins,,10975,10975,140.71,24.22,365,,1,2,true,false,false,false,true,true,true,Home/Apartment,Cabin,House/villa,4.6,12,1,21+,Luxury,false,0,true,78,44,2026-05-14,Colorado Springs,Manitou Springs,Colorado Springs,Colorado,80904,United States,mid_size_city,https://www.airbnb.com/rooms/1427225021217918456,https://a0.muscache.com/im/pictures/prohost-api/Hosting-1427225021217918456/original/f9f5384d-0143-4359-86c6-380c0a67f128.jpeg,1427225021217918456,4606158,38.85681,-104.88506,=AVERAGE($G$2:$G$98),=AVERAGE($D$2:$D$98),"=IFERROR(($AT82-G82)/$AT82,0)","=IFERROR(($AU82-D82)/$AU82,0)",=$AU82-D82
Timber Lodge Cabin #7,Timber Lodge Cabins,,10800,11241,147.95,23.55,357,,1,2,true,false,false,true,true,true,true,Home/Apartment,Cabin,House/villa,5,2,1,21+,Luxury,false,0,true,73,34,2026-05-15,Colorado Springs,Manitou Springs,Colorado Springs,Colorado,80904,United States,mid_size_city,https://www.vrbo.com/4606184,https://media.vrbo.com/lodging/117000000/116690000/116683700/116683636/b1270d9c.jpg?impolicy=resizecrop&rw=1200&ra=fit,,4606184,38.855778,-104.883888,=AVERAGE($G$2:$G$98),=AVERAGE($D$2:$D$98),"=IFERROR(($AT83-G83)/$AT83,0)","=IFERROR(($AU83-D83)/$AU83,0)",=$AU83-D83
Timber Lodge #3,Timber Lodge Cabins,,10680,11758,142.4,25.51,346,1,1,3,true,false,false,false,true,true,true,Home/Apartment,Cabin,House/villa,5,3,1,21+,Luxury,false,0,true,75,32,2026-05-14,Colorado Springs,Manitou Springs,Colorado Springs,Colorado,80904,United States,mid_size_city,https://www.airbnb.com/rooms/1427226571688951743,https://a0.muscache.com/im/pictures/prohost-api/Hosting-1427226571688951743/original/9f4ba7ab-97aa-4f78-86e2-175e09ec346e.jpeg,1427226571688951743,4606177,38.8564083889,-104.8830823673,=AVERAGE($G$2:$G$98),=AVERAGE($D$2:$D$98),"=IFERROR(($AT84-G84)/$AT84,0)","=IFERROR(($AU84-D84)/$AU84,0)",=$AU84-D84
Cabin 12 | 2 Beds + Futon Near Garden of Gods,563406607,,10253,10537,112.67,38.4,258,1,1,5,true,false,false,true,true,true,false,Home/Apartment,Cabin,House/villa,4.25,19,2,6-20,Luxury,false,40,true,91,14,2026-01-26,Colorado Springs,Manitou Springs,Manitou Springs,Colorado,80829,United States,mid_size_city,https://www.airbnb.com/rooms/1100329666099019509,https://a0.muscache.com/im/pictures/hosting/Hosting-1100329666099019509/original/77be12c0-a4f1-4dcf-8f21-c7bff74b6429.png,1100329666099019509,4891438,38.857,-104.8882,=AVERAGE($G$2:$G$98),=AVERAGE($D$2:$D$98),"=IFERROR(($AT85-G85)/$AT85,0)","=IFERROR(($AU85-D85)/$AU85,0)",=$AU85-D85
Walk to Attractions: Manitou Springs Studio,Evolve,,9239,10734,174.32,100,53,,1,2,true,false,false,true,true,false,false,Home/Apartment,Loft,Apt/Condo/Loft,0,0,2,21+,Luxury,false,52,true,53,2,2025-06-08,Colorado Springs,Manitou Springs,Manitou Springs,Colorado,80829,United States,mid_size_city,https://www.airbnb.com/rooms/1320315565379306180,https://a0.muscache.com/im/pictures/prohost-api/Hosting-1320315565379306180/original/5db7ccfb-7070-4158-b951-75306bb3b596.jpeg,1320315565379306180,20092022ha,38.8598243,-104.8911352,=AVERAGE($G$2:$G$98),=AVERAGE($D$2:$D$98),"=IFERROR(($AT86-G86)/$AT86,0)","=IFERROR(($AU86-D86)/$AU86,0)",=$AU86-D86
Historic Inn 1st Floor: Walk Downtown,6586902,,9028,12247,188.08,33.1,178,1,1,2,false,false,false,true,true,false,false,Home/Apartment,Apartment,Apt/Condo/Loft,5,3,3,6-20,Luxury,true,113,true,48,18,2026-05-15,Colorado Springs,Manitou Springs,Manitou Springs,Colorado,80829,United States,mid_size_city,https://www.airbnb.com/rooms/1536373541067995836,https://a0.muscache.com/im/pictures/hosting/Hosting-1536373541067995836/original/b9329ff5-4e26-47ae-b501-b51b35a50373.jpeg,1536373541067995836,,38.8573,-104.9169,=AVERAGE($G$2:$G$98),=AVERAGE($D$2:$D$98),"=IFERROR(($AT87-G87)/$AT87,0)","=IFERROR(($AU87-D87)/$AU87,0)",=$AU87-D87
"CASCADE RETREAT IN MOUNTAIN SETTING, NEAR PIKES PEAK, MINUTES TO MANITOU SPRINGS",,,7935,18314,317.4,20.16,327,3,2,8,false,false,false,true,true,true,true,Home/Apartment,House,House/villa,4.5,2,7,1,Luxury,false,249,true,25,5,2026-05-16,Colorado Springs,Manitou Springs,Manitou Springs,Colorado,80829,United States,mid_size_city,https://www.vrbo.com/2876635,https://media.vrbo.com/lodging/83000000/82760000/82755700/82755604/0396c13c.jpg?impolicy=resizecrop&rw=1200&ra=fit,,2876635,38.865321,-104.909208,=AVERAGE($G$2:$G$98),=AVERAGE($D$2:$D$98),"=IFERROR(($AT88-G88)/$AT88,0)","=IFERROR(($AU88-D88)/$AU88,0)",=$AU88-D88
Luxury Mountain Retreat in Manitou Springs,Peak Hospitality Vacations,,5841,7402,973.5,19.35,55,5,4,14,true,false,false,true,true,false,false,Home/Apartment,House,House/villa,5,2,3,21+,Luxury,false,400,false,6,2,2026-05-11,Colorado Springs,Manitou Springs,Manitou Springs,Colorado,80829,United States,mid_size_city,https://www.airbnb.com/rooms/1642138752002811370,https://a0.muscache.com/im/pictures/prohost-api/Hosting-1642138752002811370/original/eabf0918-5015-4561-bc87-4314d3275df8.jpeg,1642138752002811370,5158608,38.84551,-104.91699,=AVERAGE($G$2:$G$98),=AVERAGE($D$2:$D$98),"=IFERROR(($AT89-G89)/$AT89,0)","=IFERROR(($AU89-D89)/$AU89,0)",=$AU89-D89
Modern Studio in Manitou Springs | Walk Downtown,"Hoste, LLC",,4362,4598,145.4,93.75,58,1,1,4,true,false,false,true,true,false,false,Home/Apartment,Apartment,Apt/Condo/Loft,0,0,1,21+,Luxury,true,119,false,30,2,2026-05-15,Colorado Springs,Manitou Springs,Manitou Springs,Colorado,80829,United States,mid_size_city,https://www.airbnb.com/rooms/1648003467636344585,https://a0.muscache.com/im/pictures/hosting/Hosting-1648003467636344585/original/ca60f586-6485-4a46-97eb-a9e3ab898587.jpeg,1648003467636344585,,38.8554945196,-104.8891007531,=AVERAGE($G$2:$G$98),=AVERAGE($D$2:$D$98),"=IFERROR(($AT90-G90)/$AT90,0)","=IFERROR(($AU90-D90)/$AU90,0)",=$AU90-D90
Hummingbird Cottage - Manitou Springs - downtown,23580880,,3618,4811,201,27.69,74,2,1,4,true,false,false,false,false,false,false,Home/Apartment,Cottage,House/villa,4.9,39,1,2-5,Luxury,false,38,false,18,6,2026-05-14,Colorado Springs,Manitou Springs,Manitou Springs,Colorado,80829,United States,mid_size_city,https://www.airbnb.com/rooms/26453153,https://a0.muscache.com/im/pictures/a8c43797-5a2f-4974-8f57-51fa4661eb64.jpg,26453153,1348510,38.8611,-104.9182,=AVERAGE($G$2:$G$98),=AVERAGE($D$2:$D$98),"=IFERROR(($AT91-G91)/$AT91,0)","=IFERROR(($AU91-D91)/$AU91,0)",=$AU91-D91
"HotTub*2Bed - Garden of the Gods, Colorado Springs",4258639,,3302,3302,330.2,14.71,68,2,1,5,false,false,true,true,true,true,false,Home/Apartment,House,House/villa,4.95,85,1,6-20,Luxury,true,65,true,10,4,2025-02-26,Colorado Springs,Manitou Springs,Manitou Springs,Colorado,80829,United States,mid_size_city,https://www.airbnb.com/rooms/1016667185943944319,https://a0.muscache.com/im/pictures/hosting/Hosting-U3RheVN1cHBseUxpc3Rpbmc6MTAxNjY2NzE4NTk0Mzk0NDMxOQ%3D%3D/original/f44b8d1c-742c-4bc9-8695-7e9e856a2188.jpeg,1016667185943944319,4299414,38.85852,-104.9188,=AVERAGE($G$2:$G$98),=AVERAGE($D$2:$D$98),"=IFERROR(($AT92-G92)/$AT92,0)","=IFERROR(($AU92-D92)/$AU92,0)",=$AU92-D92
"Downtown Manitou! (near Colorado Springs, Incline)",4258639,,3275,3275,233.93,12.07,116,1,1,2,false,false,false,true,true,false,false,Home/Apartment,House,House/villa,5,104,1,6-20,Luxury,true,75,true,14,7,2025-02-26,Colorado Springs,Manitou Springs,Manitou Springs,Colorado,80829,United States,mid_size_city,https://www.airbnb.com/rooms/903671041105926107,https://a0.muscache.com/im/pictures/hosting/Hosting-U3RheVN1cHBseUxpc3Rpbmc6OTAzNjcxMDQxMTA1OTI2MTA3/original/ee863d87-78e0-4f86-ba53-2cce7c765b82.jpeg,903671041105926107,4299413,38.8579,-104.9177,=AVERAGE($G$2:$G$98),=AVERAGE($D$2:$D$98),"=IFERROR(($AT93-G93)/$AT93,0)","=IFERROR(($AU93-D93)/$AU93,0)",=$AU93-D93
Poolside Glamp Garden Safari Tent,Buffalo Lodge,,2704,3024,108.16,17.36,166,1,2,2,false,false,false,false,true,false,true,Private Room,Tent,Unique,4.8,16,1,21+,Luxury,true,0,true,25,16,2026-05-14,Colorado Springs,Manitou Springs,Colorado Springs,Colorado,80904,United States,mid_size_city,https://www.airbnb.com/rooms/1213813785247977286,https://a0.muscache.com/im/pictures/miso/Hosting-1213813785247977286/original/2c2611ba-a825-422b-a4b4-4e5b70200acb.jpeg,1213813785247977286,,38.86033,-104.88562,=AVERAGE($G$2:$G$98),=AVERAGE($D$2:$D$98),"=IFERROR(($AT94-G94)/$AT94,0)","=IFERROR(($AU94-D94)/$AU94,0)",=$AU94-D94
Cozy Cabin 1 | 1BR + Kitchenette Near Pikes Peak,563406607,,1767,1823,147.25,18.75,98,1,1,3,true,false,false,true,true,true,false,Home/Apartment,Cabin,House/villa,0,0,2,6-20,Luxury,false,40,true,12,4,2025-07-08,Colorado Springs,Manitou Springs,Manitou Springs,Colorado,80829,United States,mid_size_city,https://www.airbnb.com/rooms/1458687710489644085,https://a0.muscache.com/im/pictures/miso/Hosting-1458687710489644085/original/6dbd8fe0-c23b-4967-b70e-abc4806eaf29.jpeg,1458687710489644085,4891446,38.8565735,-104.8881966,=AVERAGE($G$2:$G$98),=AVERAGE($D$2:$D$98),"=IFERROR(($AT95-G95)/$AT95,0)","=IFERROR(($AU95-D95)/$AU95,0)",=$AU95-D95
Gorgeous panoramic views of the Mountain Range,139190580,,0,0,0,0,90,2,1,4,true,false,false,true,true,false,false,Home/Apartment,Apartment,Apt/Condo/Loft,4.95,100,1,2-5,Luxury,true,49,false,0,0,2026-02-11,Colorado Springs,Manitou Springs,Colorado Springs,Colorado,80904,United States,mid_size_city,https://www.airbnb.com/rooms/22151008,https://a0.muscache.com/im/pictures/f9291b45-45bf-49bf-975f-ca1a8877bcdf.jpg,22151008,,38.8591,-104.8846,=AVERAGE($G$2:$G$98),=AVERAGE($D$2:$D$98),"=IFERROR(($AT96-G96)/$AT96,0)","=IFERROR(($AU96-D96)/$AU96,0)",=$AU96-D96
Garden Cottage - Manitou Springs - walk downtown,23580880,,0,2,0,0,86,3,1,6,true,false,false,true,true,false,false,Home/Apartment,Cottage,House/villa,5,25,3,2-5,Luxury,false,56,false,0,0,2026-05-15,Colorado Springs,Manitou Springs,Manitou Springs,Colorado,80829,United States,mid_size_city,https://www.airbnb.com/rooms/36230922,https://a0.muscache.com/im/pictures/1632b3dd-e603-4b2f-a8f7-d60bd8610576.jpg,36230922,1342117,38.8614,-104.9186,=AVERAGE($G$2:$G$98),=AVERAGE($D$2:$D$98),"=IFERROR(($AT97-G97)/$AT97,0)","=IFERROR(($AU97-D97)/$AU97,0)",=$AU97-D97
Elevated Escape: Majestic Manitou home with views,492044375,,0,0,0,0,365,1,1,2,true,false,false,true,true,true,false,Home/Apartment,House,House/villa,0,0,30,6-20,Luxury,false,300,false,0,0,2026-05-16,Colorado Springs,Manitou Springs,Manitou Springs,Colorado,80829,United States,mid_size_city,https://www.airbnb.com/rooms/936378190818347014,https://a0.muscache.com/im/pictures/miso/Hosting-936378190818347014/original/9afa9301-c364-4798-9dad-02e8fc7de741.jpeg,936378190818347014,,38.85946,-104.91569,=AVERAGE($G$2:$G$98),=AVERAGE($D$2:$D$98),"=IFERROR(($AT98-G98)/$AT98,0)","=IFERROR(($AU98-D98)/$AU98,0)",=$AU98-D98
